,Brooklyn_All,Brooklyn_Q1,Brooklyn_Q2,Brooklyn_Q3,Brooklyn_Q4,Brooklyn_Q5,Brooklyn_All_MoM,Brooklyn_Q1_MoM,Brooklyn_Q2_MoM,Brooklyn_Q3_MoM,Brooklyn_Q4_MoM,Brooklyn_Q5_MoM,Brooklyn_All_YoY,Brooklyn_Q1_YoY,Brooklyn_Q2_YoY,Brooklyn_Q3_YoY,Brooklyn_Q4_YoY,Brooklyn_Q5_YoY
1995-01,,,,,,,,,,,,,,,,,,
1995-02,,,,,,,,,,,,,,,,,,
1995-03,,,,,,,,,,,,,,,,,,
1995-04,,,,,,,,,,,,,,,,,,
1995-05,,,,,,,,,,,,,,,,,,
1995-06,,,,,,,,,,,,,,,,,,
1995-07,,,,,,,,,,,,,,,,,,
1995-08,,,,,,,,,,,,,,,,,,
1995-09,,,,,,,,,,,,,,,,,,
1995-10,,,,,,,,,,,,,,,,,,
1995-11,,,,,,,,,,,,,,,,,,
1995-12,,,,,,,,,,,,,,,,,,
1996-01,,,,,,,,,,,,,,,,,,
1996-02,,,,,,,,,,,,,,,,,,
1996-03,,,,,,,,,,,,,,,,,,
1996-04,,,,,,,,,,,,,,,,,,
1996-05,,,,,,,,,,,,,,,,,,
1996-06,,,,,,,,,,,,,,,,,,
1996-07,,,,,,,,,,,,,,,,,,
1996-08,,,,,,,,,,,,,,,,,,
1996-09,,,,,,,,,,,,,,,,,,
1996-10,,,,,,,,,,,,,,,,,,
1996-11,,,,,,,,,,,,,,,,,,
1996-12,,,,,,,,,,,,,,,,,,
1997-01,,,,,,,,,,,,,,,,,,
1997-02,,,,,,,,,,,,,,,,,,
1997-03,,,,,,,,,,,,,,,,,,
1997-04,,,,,,,,,,,,,,,,,,
1997-05,,,,,,,,,,,,,,,,,,
1997-06,,,,,,,,,,,,,,,,,,
1997-07,,,,,,,,,,,,,,,,,,
1997-08,,,,,,,,,,,,,,,,,,
1997-09,,,,,,,,,,,,,,,,,,
1997-10,,,,,,,,,,,,,,,,,,
1997-11,,,,,,,,,,,,,,,,,,
1997-12,,,,,,,,,,,,,,,,,,
1998-01,,,,,,,,,,,,,,,,,,
1998-02,,,,,,,,,,,,,,,,,,
1998-03,,,,,,,,,,,,,,,,,,
1998-04,,,,,,,,,,,,,,,,,,
1998-05,,,,,,,,,,,,,,,,,,
1998-06,,,,,,,,,,,,,,,,,,
1998-07,,,,,,,,,,,,,,,,,,
1998-08,,,,,,,,,,,,,,,,,,
1998-09,,,,,,,,,,,,,,,,,,
1998-10,,,,,,,,,,,,,,,,,,
1998-11,,,,,,,,,,,,,,,,,,
1998-12,,,,,,,,,,,,,,,,,,
1999-01,,,,,,,,,,,,,,,,,,
1999-02,,,,,,,,,,,,,,,,,,
1999-03,,,,,,,,,,,,,,,,,,
1999-04,,,,,,,,,,,,,,,,,,
1999-05,,,,,,,,,,,,,,,,,,
1999-06,,,,,,,,,,,,,,,,,,
1999-07,,,,,,,,,,,,,,,,,,
1999-08,,,,,,,,,,,,,,,,,,
1999-09,,,,,,,,,,,,,,,,,,
1999-10,,,,,,,,,,,,,,,,,,
1999-11,,,,,,,,,,,,,,,,,,
1999-12,,,,,,,,,,,,,,,,,,
2000-01,,,,,,,,,,,,,,,,,,
2000-02,,,,,,,,,,,,,,,,,,
2000-03,,,,,,,,,,,,,,,,,,
2000-04,,,,,,,,,,,,,,,,,,
2000-05,,,,,,,,,,,,,,,,,,
2000-06,,,,,,,,,,,,,,,,,,
2000-07,,,,,,,,,,,,,,,,,,
2000-08,,,,,,,,,,,,,,,,,,
2000-09,,,,,,,,,,,,,,,,,,
2000-10,,,,,,,,,,,,,,,,,,
2000-11,,,,,,,,,,,,,,,,,,
2000-12,,,,,,,,,,,,,,,,,,
2001-01,,,,,,,,,,,,,,,,,,
2001-02,,,,,,,,,,,,,,,,,,
2001-03,,,,,,,,,,,,,,,,,,
2001-04,,,,,,,,,,,,,,,,,,
2001-05,,,,,,,,,,,,,,,,,,
2001-06,,,,,,,,,,,,,,,,,,
2001-07,,,,,,,,,,,,,,,,,,
2001-08,,,,,,,,,,,,,,,,,,
2001-09,,,,,,,,,,,,,,,,,,
2001-10,,,,,,,,,,,,,,,,,,
2001-11,,,,,,,,,,,,,,,,,,
2001-12,,,,,,,,,,,,,,,,,,
2002-01,,,,,,,,,,,,,,,,,,
2002-02,,,,,,,,,,,,,,,,,,
2002-03,,,,,,,,,,,,,,,,,,
2002-04,,,,,,,,,,,,,,,,,,
2002-05,,,,,,,,,,,,,,,,,,
2002-06,,,,,,,,,,,,,,,,,,
2002-07,,,,,,,,,,,,,,,,,,
2002-08,,,,,,,,,,,,,,,,,,
2002-09,,,,,,,,,,,,,,,,,,
2002-10,,,,,,,,,,,,,,,,,,
2002-11,,,,,,,,,,,,,,,,,,
2002-12,,,,,,,,,,,,,,,,,,
2003-01,,,,,,,,,,,,,,,,,,
2003-02,,,,,,,,,,,,,,,,,,
2003-03,,,,,,,,,,,,,,,,,,
2003-04,,,,,,,,,,,,,,,,,,
2003-05,,,,,,,,,,,,,,,,,,
2003-06,,,,,,,,,,,,,,,,,,
2003-07,,,,,,,,,,,,,,,,,,
2003-08,,,,,,,,,,,,,,,,,,
2003-09,,,,,,,,,,,,,,,,,,
2003-10,,,,,,,,,,,,,,,,,,
2003-11,,,,,,,,,,,,,,,,,,
2003-12,,,,,,,,,,,,,,,,,,
2004-01,,,,,,,,,,,,,,,,,,
2004-02,,,,,,,,,,,,,,,,,,
2004-03,,,,,,,,,,,,,,,,,,
2004-04,,,,,,,,,,,,,,,,,,
2004-05,,,,,,,,,,,,,,,,,,
2004-06,,,,,,,,,,,,,,,,,,
2004-07,,,,,,,,,,,,,,,,,,
2004-08,,,,,,,,,,,,,,,,,,
2004-09,,,,,,,,,,,,,,,,,,
2004-10,,,,,,,,,,,,,,,,,,
2004-11,,,,,,,,,,,,,,,,,,
2004-12,,,,,,,,,,,,,,,,,,
2005-01,673366.1611497892,241174.7406852519,477656.9869344335,546546.0258389042,695772.8727283631,1102800.8423694528,,,,,,,,,,,,
2005-02,696697.1155598686,291549.756033968,482358.2388310821,548837.4983848088,685906.8619423028,1100784.508773513,0.034648243045420024,0.2088735130618784,0.00984231786667844,0.004192643322924905,-0.014179930222591675,-0.0018283750959127154,,,,,,
2005-03,714984.2355094694,304504.3847859735,507331.6027362851,551623.7101708814,684925.4279831345,1094715.3389398179,0.026248307250282155,0.04443368064590736,0.05177347849540603,0.0050765696481602784,-0.0014308560150413374,-0.005513494953210518,,,,,,
2005-04,723052.082546058,309510.1996069517,504004.402535733,563874.9912299664,703460.5264785247,1116052.870225798,0.011283950940316645,0.01643922081613569,-0.006558235644314014,0.02220948960893976,0.027061483977853573,0.01949139701161462,,,,,,
2005-05,724540.7632770569,291876.0392943231,486988.7025471468,575227.5504242616,720059.9224814443,1169249.0814935928,0.002058884507678549,-0.05697440774172302,-0.033761014592287864,0.02013311349299629,0.023596769652470817,0.04766459787611321,,,,,,
2005-06,756871.5797426202,328919.0654006571,479389.0218831365,586222.2832391512,743770.1040956506,1154660.381160307,0.044622494832910364,0.12691355616546662,-0.015605455782158772,0.01911371040344023,0.03292806733708642,-0.012476982504574963,,,,,,
2005-07,766849.6344738798,336128.5248389737,492686.0574083923,600811.4702870898,748116.9172205628,1168999.393054565,0.013183286304200736,0.021918642598399485,0.02773746355939144,0.024886783503565546,0.005844296646202896,0.012418380441744148,,,,,,
2005-08,777698.4374608605,359714.1966680237,490404.4835027043,599946.4012402786,750121.779228848,1212339.1684457306,0.014147236301969235,0.07016861136777663,-0.0046308879079904886,-0.0014398344399081386,0.0026798779203307532,0.03707424969479223,,,,,,
2005-09,787196.9572285521,351190.4379917358,501958.4640484093,619498.0348298837,752121.1940725964,1230129.6052434014,0.012213628458228154,-0.023695919580717484,0.023560103821198553,0.03258896719637905,0.0026654536624757252,0.014674471683100654,,,,,,
2005-10,782266.399988139,355310.3599056508,499689.7719601164,620329.4918537342,760361.9743964091,1224415.3072318062,-0.006263435338688117,0.011731304352916139,-0.0045196809114351755,0.0013421463460798755,0.010956718662840093,-0.004645281267305568,,,,,,
2005-11,784380.7710601445,349200.1041925387,503162.0984663886,610238.275045236,773716.9102540629,1237735.3346561934,0.002702878548838994,-0.017196953431739437,0.006948964539841285,-0.016267510961541776,0.017563918643163534,0.010878684173347475,,,,,,
2005-12,786532.0851560093,357501.5971393327,496571.4370161022,623228.9187017429,766759.5810018867,1232337.7469658332,0.002742691018492449,0.023772882216028135,-0.013098485498757473,0.021287821802957074,-0.008992086330246507,-0.004360857720733469,,,,,,
2006-01,772598.9048174574,331572.9945015545,502731.2857958899,609025.8325815094,777909.3356350648,1264568.5822499283,-0.01771470052081625,-0.07252723580888709,0.012404758551563644,-0.0227895171325172,0.01454139590744874,0.026154222219883616,0.14736817706762384,0.3748247165497236,0.052494362162231356,0.11431755751348427,0.11805068309808697,0.14668808153329382
2006-02,784677.5331747001,355720.9429311895,501381.5518903557,611700.2914210716,779505.4880643683,1288519.444676183,0.01563376323979715,0.07282845355345047,-0.0026848018885424763,0.004391371755489981,0.0020518489188723343,0.018939947395847145,0.12628216142983462,0.2201037235295955,0.03943814270773838,0.11453807952493,0.13645967304805717,0.17054649153070223
2006-03,780972.0698267957,342679.5352090893,493010.5847935966,618961.1576283466,797003.6975281625,1258283.5630561477,-0.004722275318515323,-0.03666190585979334,-0.016695801960000534,0.011869973431607894,0.02244783357105673,-0.023465599797474423,0.09229271225862212,0.12536814683291952,-0.028228121144924345,0.12207134359145932,0.16363572582647312,0.1494162165250541
2006-04,787545.1608543901,362515.1220109033,484226.2493160368,629940.5327933532,782000.853062836,1279075.2101942096,0.008416550708467918,0.057883779927830004,-0.017817742150987304,0.017738391221633343,-0.01882405879904514,0.016523816847422435,0.08919561932694386,0.171254202515015,-0.039242024712857426,0.11716345394088101,0.11164851989276325,0.14607044551162618
2006-05,812103.9241039361,389353.3987586536,505671.9589808605,630272.6267868022,776959.1112336437,1299021.828341292,0.03118394280132808,0.07403353713598482,0.04428861445474186,0.0005271830850070991,-0.006447233157669152,0.015594562374525056,0.12085332567188622,0.33396835074233655,0.03836486624020785,0.09569269817125736,0.07902007454617865,0.11098811100362638
2006-06,811918.3163752481,357365.2350094066,516654.3413718583,648491.1847239956,793545.5238490246,1300450.5343356135,-0.00022855169539137687,-0.08215714528557472,0.02171839311226975,0.028905837193142325,0.02134785779015469,0.0010998321684445589,0.07272929530706773,0.08648379677869711,0.07773502893815998,0.1062206321137773,0.06692312514213761,0.12626236731947404
2006-07,830685.6414277437,380364.5517042446,530173.9685248836,662917.0294509971,819124.232471416,1302836.4728991804,0.02311479452302656,0.06435801371174965,0.02616764453604903,0.022245244140275178,0.032233448307192436,0.0018347015134918543,0.08324449029392911,0.1316045012438698,0.07608884106378766,0.10336946319322271,0.09491473005939066,0.11448857941226342
2006-08,833332.2630990009,390309.121499469,543947.5240248123,682121.8530528726,823673.808505483,1268310.2620318672,0.003186068880049797,0.026144838552034422,0.02597931305124468,0.028970176882890053,0.005554195387847516,-0.026500801586006095,0.07153650175739279,0.08505342606669752,0.10918138459843973,0.13697132217596675,0.0980534512039486,0.04616785058416761
2006-09,848432.2893520104,396493.4318277439,561437.5325649866,694445.8564614523,818707.8949239521,1285597.8088865255,0.01812005477485701,0.015844647197883477,0.032153852656155335,0.018067158167449193,-0.006028980805570794,0.013630376866117233,0.07778908640481363,0.12899836936071174,0.11849400453747716,0.12098153249533627,0.08853187674555629,0.045091349242138534
2006-10,838948.6042965588,392695.611805682,545019.9069305266,698104.9639591476,842954.9036145471,1263944.5032601496,-0.011177892655045873,-0.009578519383170558,-0.02924212344595911,0.005269104082988196,0.02961619014660566,-0.016842985789723874,0.07245895299769889,0.10521858104547954,0.09071655557926506,0.12537767932489619,0.10862317159363721,0.03228414067912322
2006-11,835197.1079076383,394378.3839559237,539741.9581012335,702440.9209474531,833141.2372607308,1276613.0562642824,-0.004471664139743092,0.004285181956844575,-0.00968395605771133,0.006211038758004328,-0.011641982639564397,0.010023029469613753,0.06478529143289946,0.12937647847457412,0.07269995046594002,0.151092859416893,0.0768037071687564,0.03141036740208136
2006-12,840898.284345314,390851.3466341624,542365.6118087,713210.7130723217,846077.0554092503,1281186.3894799312,0.006826144850954341,-0.00894328255616439,0.004860940803446789,0.015331954337657772,0.015526560887864527,0.0035823957723193356,0.06912140040481773,0.09328559581744189,0.09222071866995618,0.14438000495551662,0.10344503853962062,0.039639005324935805
2007-01,836853.3663856564,387338.9364204913,547706.3800985919,704951.2581069475,851144.4099331517,1257464.5337136034,-0.004810234525340684,-0.008986562906635465,0.009847173518397145,-0.011580665873335949,0.005989235249324043,-0.01851553837998321,0.08316664852557665,0.16818601889688978,0.08946149876369947,0.15750633289040317,0.09414345726844853,-0.005617764537282244
2007-02,822437.7195612052,366649.5147888584,532755.2735321386,702824.857363026,845164.4103012031,1275770.5185492903,-0.017226012827924575,-0.053414257349983174,-0.027297667344612697,-0.003016379812742942,-0.007025834349799975,0.01455785379618213,0.04812191606115257,0.030722317802308607,0.0625745433263245,0.1489693028104635,0.0842315073366271,-0.00989424426582608
2007-03,808475.8776381713,372575.5205739004,528523.4567431306,675614.5720063703,827586.9454747059,1251359.641500528,-0.016976169247785666,0.01616259001039322,-0.007943265884448714,-0.03871559901672761,-0.02079768694972961,-0.019134222568899406,0.03521740261143447,0.08724181718809021,0.07203267646758893,0.09152983782552804,0.03837278050452553,-0.005502671861025266
2007-04,807333.0027026432,371165.9962435338,537187.1354503741,661182.5691578619,802065.7414875969,1259534.8076657404,-0.0014136166175630072,-0.0037831909305136024,0.016392231218328224,-0.021361295991070395,-0.030838093963009516,0.0065330268726018215,0.02512597731765087,0.02386348515516623,0.10937219163385681,0.04959521532290001,0.025658397105544628,-0.015276976969557765
2007-05,799759.3331055013,355098.6274191247,540140.2600400754,660036.8247998477,806774.7205379935,1272703.43730617,-0.009381097479959521,-0.04328890304344257,0.005497385165833091,-0.001732871390535129,0.0058710636881993405,0.010455153410833029,-0.015200752800272,-0.0879786113303257,0.06816336252594057,0.04722432285340794,0.03837474697607823,-0.020260160730884547
2007-06,796217.6203333352,361919.4150198296,537959.8782270461,656253.1611275144,815211.2653984352,1268628.7215152401,-0.004428473198822669,0.019208149719639023,-0.004036695603596541,-0.0057325039000371,0.010457125943182488,-0.0032016223666012644,-0.01933777785924029,0.012743769019118778,0.041237506683125424,0.011969285915308658,0.027302455748628995,-0.024469837168109354
2007-07,796379.3044429494,371743.531709499,538487.0314617758,647920.8484492911,814900.5496006096,1258840.2508918862,0.00020306522423663154,0.02714448654027346,0.0009799118039564014,-0.012696796254524023,-0.00038114757611174,-0.007715788281746239,-0.04129882024423848,-0.022665150987700056,0.015679877607008397,-0.022621505158986976,-0.005156339787510622,-0.033769565806973545
2007-08,795738.1177745648,363597.5913565304,547560.6229497136,667138.7224567834,794528.5153987552,1248371.5287106747,-0.0008051272362396,-0.021912796479628627,0.016850157864167548,0.029660835970146016,-0.02499941153781149,-0.008316164162843087,-0.04511303232714259,-0.06843685856051651,0.00664236670877183,-0.021965475125934386,-0.03538450877734056,-0.015720706453364208
2007-09,792263.9205183884,348512.888852375,545197.5132527523,659232.8038233801,791774.8670031077,1256997.2870396427,-0.0043660058234895605,-0.041487355424650985,-0.004315704230576811,-0.011850486813730687,-0.003465764088108947,0.006909608342219098,-0.0662025355924637,-0.12101220127200996,-0.028925781356369473,-0.050706692696677935,-0.03289699303968008,-0.022246865737624466
2007-10,787538.8473339936,349384.9596261006,529266.2092146653,665761.7397209619,796807.5934384924,1261676.9151813106,-0.005964014089273495,0.0025022626181696594,-0.0292211604983994,0.009903839523330182,0.00635625939281681,0.003722862562964613,-0.061278791929895604,-0.11029064465587368,-0.02890481157758773,-0.046330030450948634,-0.054744696279928395,-0.001794056679696121
2007-11,798131.8245482704,365112.347363721,525361.8946552429,682219.5866317092,798886.0031260197,1245997.6233924062,0.01345073611306491,0.0450144956281211,-0.007376844566018503,0.024720325499097084,0.002608421034943076,-0.01242734300694659,-0.04437908489916231,-0.07420801388413201,-0.026642478373514633,-0.028787238488995337,-0.041115758772592104,-0.02398176387249662
2007-12,797450.0413384913,360014.0505584044,529720.3673064571,673732.3943445031,811530.70468896,1238503.9070301051,-0.0008542238121691526,-0.01396363843109838,0.008296133951767315,-0.012440557928143914,0.01582791726662114,-0.006014230060807257,-0.0516688448718261,-0.07889776085285383,-0.023314982047023758,-0.05535295250649919,-0.04083121093926856,-0.0333148110222683
2008-01,784201.5985356596,339568.639582495,522312.8470751061,675043.5501786352,796788.9071202342,1246631.6577399576,-0.016613508202463212,-0.05679059176773049,-0.013983831259909985,0.0019461077501072843,-0.01816542181774372,0.006562555567016792,-0.06291636021899294,-0.12332944701985082,-0.046363405551191006,-0.042425213919931926,-0.06386166927558923,-0.008614856072046595
2008-02,770705.3614291424,330951.573988802,513229.1013180027,663687.5007095998,792132.7481172946,1262443.3666040732,-0.017210162707802068,-0.025376505923184856,-0.017391388720326084,-0.016822691611571128,-0.005843654399968923,0.012683545108088223,-0.06290124699006217,-0.09736257477556931,-0.03665129785516419,-0.05568578891797904,-0.06274715491747795,-0.010446355164541399
2008-03,764113.772873968,332694.2828147443,518651.6229057976,650527.4404574123,768158.174090354,1248611.1114032476,-0.008552669911302324,0.0052657517380512164,0.010565499060496641,-0.019828699859673615,-0.03026585390380876,-0.010956733241851424,-0.05487127815588,-0.10704202384988859,-0.018678137576268128,-0.03713231269487993,-0.07180970133629094,-0.002196434986495688
2008-04,751198.2032599945,314268.3412147539,517980.9570747981,632171.50292722,767679.1300613434,1264636.833893199,-0.016902678727273468,-0.055384004330036984,-0.0012930950205882752,-0.028217007290707863,-0.0006236268065205053,0.012834838921096159,-0.06953115908148277,-0.15329436318150091,-0.035753235898833724,-0.043877542427642746,-0.04287255975112014,0.004050722692542363
2008-05,752962.3959524063,306614.1965204626,502131.4512349908,632857.4969196138,790301.8687806573,1284675.726759223,0.002348504941513063,-0.024355443073602268,-0.03059862650031475,0.0010851390630823854,0.029469003172596597,0.015845571099122546,-0.05851377435181693,-0.13653792821180277,-0.07036840542540668,-0.041178502257773086,-0.020418155574273955,0.009406975028207532
2008-06,747488.3446796805,310783.5442394923,505959.2831276671,627834.3504125341,788393.9118931046,1251511.1257448522,-0.007270019461996902,0.01359802568290891,0.007623166968055317,-0.007937247376430756,-0.002414212800099458,-0.025815542649064604,-0.06120095110838453,-0.14129076434746002,-0.05948509618383313,-0.04330464582624449,-0.03289620082988376,-0.013492990880691114
2008-07,744095.6411757189,310173.7078503758,502783.7062040336,629339.3156603829,780570.472699919,1226940.8210440357,-0.004538804555428322,-0.001962254438563571,-0.006276348768626594,0.0023970737613510096,-0.009923261805002692,-0.019632510007606352,-0.06565171015311833,-0.1656244658138054,-0.06630303641820678,-0.028678707952337956,-0.042127934405635226,-0.0253403319644806
2008-08,743108.3183622458,319680.2050556552,503275.776622202,625997.2996272319,770517.77126709,1223249.570087395,-0.0013268762224074582,0.030648945944397266,0.0009786920540515442,-0.005310356353065426,-0.012878659627051592,-0.003008499589654101,-0.06613959823805893,-0.12078569095308278,-0.08087660885647463,-0.06166846780838242,-0.03022011629074728,-0.020123783701816667
2008-09,738880.9392813427,311427.9846294554,504953.9031023655,621782.6130485996,762061.4118379107,1240685.4523056375,-0.005688779113952047,-0.025813986276576495,0.003334407412624696,-0.006732755206998675,-0.010974905115132105,0.01425374072847374,-0.06738030074891777,-0.10640898919129571,-0.07381473534295069,-0.05680874883285414,-0.037527656412817634,-0.012976825727620489
2008-10,741759.2159013244,311637.1696147332,495392.6762207045,627070.0708238207,775075.8717841291,1237237.9536043706,0.003895453877564181,0.0006716961724770876,-0.018934850929794078,0.008503707990959564,0.017077967397444604,-0.002778704864202508,-0.05812999776156336,-0.10804068398297328,-0.06400093639876048,-0.05811638997662727,-0.02727348714208866,-0.01937022171276548
2008-11,719915.616834342,305584.3756446349,490126.29022329,609080.8906505053,780334.1206855028,1206442.268554832,-0.02944836895681824,-0.019422567524859713,-0.01063073042902285,-0.02868767145860085,0.006784173127812432,-0.024890672776262113,-0.09799910905469467,-0.16304014955644597,-0.06706920465763033,-0.10720697179380057,-0.023222189859283926,-0.03174593120802183
2008-12,707952.6047372384,288439.0666140476,483143.2744045139,615849.4581428469,780882.7605144738,1225921.64987403,-0.0166172421008286,-0.05610662847018588,-0.014247380640599383,0.011112756279568536,0.0007030832234902196,0.01614613631080064,-0.11222952155226507,-0.19881164036053456,-0.08792769879470608,-0.08591383862130064,-0.03776560023841957,-0.01015923896941684
2009-01,688039.2599958463,279787.2398436364,469460.5113513218,612322.4086125785,742390.2683205998,1213683.6857611237,-0.02812807610021162,-0.02999533617957517,-0.02832030119855522,-0.0057271293879263,-0.049293561262018004,-0.0099826641565256,-0.12262451226747983,-0.1760510034506153,-0.10118904028447984,-0.09291421501539998,-0.06827233450857484,-0.026429596725119242
2009-02,671282.9910368276,277087.0228264694,456279.2066671169,584443.7560837802,766941.2689901434,1173442.0156635009,-0.024353652376057577,-0.00965096556467715,-0.028077557889295335,-0.04552936841224997,0.03307020810642047,-0.03315663757347653,-0.12900178896894254,-0.16275659460726766,-0.11096388436399085,-0.11939918190578247,-0.031802092751530786,-0.07049928202322675
2009-03,672182.0255239947,274550.8568195872,449739.8513727704,604301.4681669847,738405.9722092745,1172719.1296383643,0.0013392779188081683,-0.009152958449701654,-0.014331916069796669,0.0339771139249847,-0.03720662576737099,-0.0006160389823163248,-0.12031159575124739,-0.17476532960902535,-0.1328671664940373,-0.0710592196663129,-0.038731869144413844,-0.06078111997545199
2009-04,665102.7454154944,265663.6275777531,440902.5538417817,589059.818216604,726634.1045460132,1170458.2895418815,-0.010531790258719975,-0.03237006558560496,-0.01964979866474814,-0.025221931028254763,-0.015942270385544854,-0.0019278615308168101,-0.11461084101488705,-0.15465991085556718,-0.14880547668837574,-0.06819618491341473,-0.053466381861977164,-0.07447082184170428
2009-05,669561.3457767783,271990.3290378404,437997.2703943799,582596.8079262906,732528.4661019568,1161864.3066003155,0.006703626457741585,0.023814707032996596,-0.00658940036088862,-0.010971738506762141,0.008111870223358464,-0.007342408540615075,-0.11076389820256005,-0.11292323667834947,-0.12772388720697148,-0.07941865149415683,-0.07310295592219473,-0.09559721383443331
2009-06,657122.7411873549,267153.4552134075,443119.7622549754,571689.1065910858,710121.0454154117,1137593.2215791424,-0.018577244143317406,-0.017783256638363665,0.011695259780918565,-0.018722555954314157,-0.03058914666590762,-0.020889775925892584,-0.12089232445630949,-0.14038738483676938,-0.12419877047069738,-0.08942684289981373,-0.09928141922068212,-0.09102428402137475
2009-07,660157.3645456076,270108.3369873547,443701.2813550142,576785.0191505047,698266.8174262898,1136347.5156143855,0.004618046474498039,0.01106061597289365,0.0013123294187546986,0.008913782859717667,-0.016693249785587394,-0.001095036381306591,-0.11280576311061763,-0.12917075125641597,-0.11751061961630727,-0.08350709260032718,-0.10544039026860541,-0.07383673594995566
2009-08,654995.9345498508,268860.4790683483,445970.7669457746,568301.9100576675,699726.0969740328,1140053.3595389125,-0.007818484308373175,-0.004619842293371312,0.005114895282316123,-0.014707575285729857,0.002089859508320524,0.0032611889176554776,-0.11857273244711897,-0.15897051235455562,-0.1138640330775248,-0.09216555663086845,-0.09187545950645981,-0.06801245844095283
2009-09,649915.649128977,266623.0341442002,446675.3979945863,566682.063031259,702665.6055024083,1126878.8488548337,-0.007756209089091914,-0.008321955431684347,0.0015799938046106021,-0.002850328316236328,0.004200941684306736,-0.011556047419926996,-0.1204054475121471,-0.14386937814392364,-0.11541351547086631,-0.08861706464769514,-0.07794097091499985,-0.09172881268117583
2009-10,644401.7823841597,257539.1800461223,442565.5161952321,563328.1540029116,717641.0035781339,1081911.5605122058,-0.008483972885107383,-0.034070027472438924,-0.009201048049223504,-0.005918502185170316,0.02131226853635182,-0.039904279318335734,-0.13125207133269512,-0.17359286645906358,-0.106636941887161,-0.10165038930524517,-0.07410225282047189,-0.12554286153254657
2009-11,632603.3542280192,247428.0292780015,433987.0542053763,565420.8913609531,710256.0057403727,1074612.8766542051,-0.018309117818527176,-0.03926063120302714,-0.01938348487610486,0.0037149525426181107,-0.0102906575863696,-0.006746100258458565,-0.12128124541909191,-0.19031191056136854,-0.11454034835049953,-0.0716817748836659,-0.08980526813766432,-0.10927119791529039
2009-12,623104.281111769,249574.9144090372,423418.401894974,577604.5841377776,690424.5079430506,1097231.7866938526,-0.01501584373962439,0.008676806493186584,-0.02435245984411527,0.02154800603051399,-0.02792161929929715,0.02104842639711446,-0.11985028808102405,-0.13473955751289912,-0.12361731120680974,-0.062101011049681576,-0.11584101627730392,-0.10497397055790703
2010-01,625719.1618792902,251849.1321877323,429380.1171470168,570274.9322017786,690263.2321792952,1109699.831483224,0.004196537958069513,0.009112365255458998,0.014079962574516491,-0.012689739896957875,-0.0002335892800733319,0.0113631822743121,-0.09057636931493163,-0.09985483137657658,-0.0853754325128121,-0.06866885127734024,-0.07021513934877399,-0.08567623961484616
2010-02,630942.1614611566,253269.7657658298,431932.8313467923,582091.6731064727,674904.0025754056,1117401.103167834,0.008347194556387771,0.005640811885103236,0.005945115057345518,0.020721129822541373,-0.022251264282754035,0.006939959317031397,-0.060095116537010274,-0.08595587342087674,-0.05335850278640197,-0.00402448131718991,-0.12000562511902146,-0.04775771767809045
2010-03,616233.7034571789,247692.706225925,426296.5725487829,575416.0908139116,658283.9069555248,1103663.0977989594,-0.0233118959270614,-0.022020234128779737,-0.01304892425156745,-0.011468266255957982,-0.024625866132752527,-0.012294605160069527,-0.08323388597486181,-0.09782577590464847,-0.052126309804279125,-0.047799614719935324,-0.10850679472977232,-0.05888539727385533
2010-04,617389.6497095447,247198.5893780119,417574.9295815357,589110.1193640449,667164.534350365,1126297.355072738,0.0018758244573133798,-0.001994878474388395,-0.020459097090791634,0.023798480384452425,0.01349057344560034,0.020508303049108223,-0.0717379322741225,-0.0695053303611799,-0.05290879822986272,8.53922570940302e-05,-0.08184252545206849,-0.037729609729560076
2010-05,619964.6279430503,250143.2844232572,421645.3682294445,574359.8747512402,666902.5557243532,1106259.6112606076,0.004170750570109183,0.011912264761116065,0.009747804189269571,-0.025038178988892268,-0.00039267468896109214,-0.017790811389090222,-0.07407344845480779,-0.08032287284576123,-0.03733334262611254,-0.014138308111177333,-0.08958820498379028,-0.04785816641739393
2010-06,625810.7057207074,259781.6530119661,421805.4967933192,564722.9226722292,659807.6413544765,1117104.4098950857,0.009429695686112849,0.03853139056253929,0.0003797707171482312,-0.016778595620358883,-0.010638607258253274,0.009803122634225225,-0.04765020825495969,-0.02759388680020136,-0.048100462396871824,-0.012185266149979834,-0.07085187009420701,-0.018010666111050844
2010-07,617399.05825536,255534.9102473699,411479.9183443756,564281.9721091073,658098.9168166827,1104756.149196423,-0.013441200970923384,-0.016347354462328267,-0.024479478165745694,-0.0007808263936505133,-0.00258973135607532,-0.011053810717498225,-0.06476986940784724,-0.0539540056502108,-0.07261949506261989,-0.02167713554664097,-0.05752514598597158,-0.02780079683712089
2010-08,616221.6375490518,258274.7777835977,416905.7146673417,550290.9300985005,659453.0478851154,1125143.8334456736,-0.001907065925295326,0.010722086988331547,0.013186053756395255,-0.0247944160936292,0.002057640627920909,0.018454465507234508,-0.05919776742957472,-0.03937247051493786,-0.06517255038370473,-0.0316926261207523,-0.05755544814332114,-0.013077919527616721
2010-09,616055.827660379,250964.8666701586,412573.6703513579,543252.5769528893,673980.9778224145,1118365.8120439546,-0.0002690750836538136,-0.02830284542753103,-0.010390944915303901,-0.012790240145065246,0.022030271880447927,-0.0060241377148748665,-0.052098793918837316,-0.058727737175074846,-0.07634565905427759,-0.041345028556298735,-0.04082258681138129,-0.007554527107798914
2010-10,613651.8984870785,248436.5072611822,413745.1932921008,539561.6656614378,678650.6556758408,1118430.5910784008,-0.0039021287769162027,-0.010074555225689785,0.0028395484853533937,-0.006794098082615441,0.006928500962317452,5.792293876361043e-05,-0.04771849603412448,-0.03534480766503134,-0.06512103145970727,-0.04218942045163787,-0.05433127107828084,0.03375417353790544
2010-11,608045.455957228,242780.8477882904,405334.3624789581,549148.8873415834,674707.0311735098,1129750.928133133,-0.009136193571099294,-0.022765009600404618,-0.020328528160579062,0.017768537481981372,-0.005810978696253799,0.010121626809060258,-0.038820373155877164,-0.01878195248643255,-0.06602199639083906,-0.028778568793599857,-0.05005093132553884,0.051309688053059244
2010-12,592388.5209256964,229258.2212393707,398495.6513342367,538003.2347952141,659841.2160423642,1146504.4771201473,-0.025749612760255447,-0.055698901590094496,-0.01687177742073709,-0.02029623077327003,-0.022032992757300307,0.014829418210524414,-0.04929473463297074,-0.08140518937079055,-0.058860811077642294,-0.06856134876713027,-0.04429635904988616,0.04490636438337403
2011-01,589759.8127423215,233554.9327436225,396915.0061576183,523479.6981006404,671105.8216504318,1115659.9921329375,-0.004437473196251429,0.01874179901171602,-0.003966530553912273,-0.0269952590528606,0.017071691392106514,-0.02690306545046095,-0.05746883159046645,-0.0726395174968203,-0.075609255512599,-0.082057322632903,-0.027753775133552483,0.005370966526819565
2011-02,596330.2503019752,235438.2200858405,406062.9714995532,529982.4022118455,671030.5313859793,1135994.9199004888,0.01114087026225441,0.00806357339617958,0.023047668140574462,0.012422075077217043,-0.00011218836437365542,0.018226814541117076,-0.054857502435763705,-0.07040534674982146,-0.059893247212941314,-0.08952072895414132,-0.005739292069161461,0.016640234809095267
2011-03,596425.8921894429,237303.956439635,404607.3662286316,541972.4616664627,669026.9589561913,1117152.5263000818,0.00016038409491936356,0.007924526243505703,-0.003584678665838892,0.02262350486464748,-0.0029858141113932035,-0.016586688259184856,-0.032143342950265,-0.04194209003802585,-0.05087820948330368,-0.05812077500325674,0.0163197852585395,0.012222415090279215
2011-04,599001.5981397744,237240.7783693169,408034.7686325106,548883.7199807881,658558.8230960481,1119234.473225979,0.004318568298361969,-0.0002662326885146671,0.00847093426851342,0.012752047019279455,-0.015646807232514992,0.0018636192255612194,-0.029783543631515585,-0.04028263686192679,-0.022846584584437446,-0.06828332778714097,-0.012898933937932622,-0.006270885583588015
2011-05,587769.2095087434,227932.1226295982,399321.7421990178,542239.521389698,663830.128766175,1118733.3786614425,-0.018751850856347785,-0.03923716573391001,-0.021353637246878998,-0.01210492923951656,0.00800430498424598,-0.00044771187496761566,-0.05193105700421419,-0.08879375612609453,-0.05294407981799287,-0.05592374184469939,-0.004607010322281724,0.011275623979999372
2011-06,596203.7942802042,228441.4217284841,408081.9197658102,539409.7324587293,673499.1692847183,1138522.9471869424,0.014350164375759755,0.0022344331856793964,0.021937642359644904,-0.005218706529756978,0.014565534312994677,0.017689262609807965,-0.04730969152470277,-0.12064066465093437,-0.032535320501604126,-0.04482408841086116,0.020750787156898376,0.019173263575128274
2011-07,599339.7880473942,237807.1725607716,413173.5667050437,540281.5669060728,671485.5478658295,1144051.5285819957,0.005259935943507488,0.040998479003598876,0.012477021628783502,0.0016162749666557286,-0.002989790501192968,0.004855924431486747,-0.029250563256441375,-0.0693750128678583,0.004115992749980757,-0.04253264571492266,0.02034136617926663,0.035569278717439534
2011-08,601103.4358055458,234422.4271101711,413538.0310278431,542010.8003150116,674952.644019921,1169961.5097557034,0.0029426508857310907,-0.014233151229850027,0.0008821094865916201,0.003200615225207981,0.0051633220776095,0.022647564839865186,-0.024533708039913837,-0.09235261328309774,-0.008077806374483743,-0.015046822200043719,0.023503714456265312,0.039832841791239026
2011-09,586479.977139349,222912.0782743141,414567.4465824392,536175.4087131923,674652.2151351064,1155546.9646864675,-0.024327691034737975,-0.04910088585699823,0.00248928871677756,-0.01076619063389117,-0.0004451110570147243,-0.012320529307195516,-0.04800839338433249,-0.1117797433882014,0.004832533858458055,-0.013027399298118247,0.0009959291653314217,0.03324596678662739
2011-10,577981.7268908921,212291.6884146947,406635.1615054266,526428.031164656,667774.9935374188,1156974.6742686608,-0.01449026493608263,-0.047643851072753485,-0.019133883141099983,-0.018179456554954232,-0.0101937286255116,0.0012355270930772821,-0.05812769696326048,-0.14548916036920578,-0.01718456649635225,-0.024341303937301606,-0.01602542051269573,0.034462651055614746
2011-11,586350.7407180731,221391.8768228033,399731.7637748857,532914.7391669987,678770.3801350989,1155798.261402423,0.014479720444104727,0.04286643757023634,-0.01697688341800896,0.012322117399393706,0.016465705820210674,-0.0010168008793981498,-0.03567942992847717,-0.08809991051740096,-0.01382216565555372,-0.02956238016464685,0.0060223901246765355,0.023055819314379278
2011-12,582814.2234370934,215774.3383560783,393287.3826227075,547205.1715899006,674844.1855014731,1181993.133751166,-0.006031402427578936,-0.02537373343296201,-0.016121763983228066,0.02681560739948652,-0.0057842751371153245,0.022663879349462457,-0.016162192801510766,-0.05881526433555351,-0.013069825716017114,0.017103868898091568,0.02273724207331962,0.0309537880917492
2012-01,589455.0297345165,219176.121140302,394833.7828693187,536966.1208579734,698357.6239292674,1198665.1187859513,0.011394379255639242,0.01576546502304632,0.0039319854003418975,-0.018711538676028594,0.034842766571844264,0.014104976212404141,-0.0005167917535577882,-0.061565009286720485,-0.0052434986231615355,0.025763029218260458,0.040607310203055524,0.07440002082921615
2012-02,585694.1840051941,217423.0647634806,399092.7505320795,525338.983904349,689486.4415224249,1196163.8796209104,-0.006380208055932979,-0.007998391283232986,0.010786735703845363,-0.02165339022701518,-0.01270292197417322,-0.0020866872038241002,-0.01783586576631835,-0.0765175480675635,-0.017165369552740284,-0.008761457527867833,0.027503830709946886,0.05296587041576939
2012-03,592356.603814654,218575.2792190128,391598.3568787849,522908.486754695,692204.9283801664,1189106.3277903385,0.011375253487920789,0.005299412262381731,-0.018778576266551772,-0.004626531104907627,0.00394277058115744,-0.005900154611597652,-0.006822789600650525,-0.07892273479808742,-0.032152181190136075,-0.035175172652037734,0.03464429813132952,0.06440821624291715
2012-04,593140.4004662497,215231.233338608,399786.1171987118,529882.0770623005,695951.9042342074,1173277.5931995837,0.0013231837824514425,-0.01529928678281156,0.020908566586405053,0.013336158207883475,0.005413101959284239,-0.013311454342496587,-0.009784944967971554,-0.09277302655130493,-0.020215560211801042,-0.03461870379240373,0.05678016879701819,0.04828578931976235
2012-05,587537.5007873882,221602.0179359919,393845.373607302,530916.2929414394,679529.5308537694,1158423.3594536874,-0.009446160933325731,0.029599721650812594,-0.014859804620121264,0.0019517849799197684,-0.023596994678114047,-0.012660459751377418,-0.00039421718185761456,-0.027771884983026518,-0.01371417584616863,-0.020882337051416733,0.023649728156771133,0.035477604896113624
2012-06,589495.6318598349,221947.4277329714,391110.1595961254,532235.6013767271,689789.1317443845,1178820.764851611,0.0033327763246133735,0.00155869427632771,-0.006944893083608572,0.0024849650553731006,0.01509809423252717,0.017607902354060956,-0.011251458787624902,-0.028427392660999917,-0.04158910098105917,-0.013299965963352478,0.024187056499218373,0.03539482253233128
2012-07,579791.1197231837,207315.2935894019,399855.7659390148,543970.5085158835,691503.991193274,1186357.9163190878,-0.01646239872216504,-0.06592612625893401,0.022360979709451723,0.022048331807947186,0.0024860633053942482,0.006393806159688431,-0.032617004100293,-0.1282210231214852,-0.03223294479420613,0.006827813191805587,0.02981217301112249,0.03697944251648266
2012-08,575852.9779861373,206112.3370896946,399318.7250080931,543763.9234586438,700926.5576159608,1210450.7169922746,-0.006792345731212013,-0.00580254586566975,-0.0013430866243994144,-0.0003797725317926659,0.01362619239033891,0.0203082057630124,-0.0420068432741032,-0.12076527988156882,-0.03438451835834333,0.003234480092672243,0.03848257181621362,0.034607298529868435
2012-09,576149.2733667106,206127.0963253379,399464.1928248808,544836.3277636645,703731.3440986013,1194924.350435632,0.0005145330351674637,7.16077254359071e-05,0.0003642899961298074,0.00197218730179749,0.0040015411774099174,-0.012826929951532784,-0.017614759540518388,-0.07529866519085937,-0.036431354854474796,0.01615314486589048,0.043102399000752634,0.03407683716243293
2012-10,586335.7205479349,213420.6352773759,392304.8641476951,553422.1076520912,703966.1043097698,1216077.7644944955,0.01768022221342047,0.03538369812635578,-0.017922328974112278,0.015758457083190125,0.0003335935128330192,0.01770272239506343,0.014453733169006888,0.005317904205820234,-0.03524116631891472,0.05127780986075936,0.054196564894763544,0.051084169377514144
2012-11,572711.6436498881,199650.8913090773,387934.7605486958,549533.3926911438,712553.6181132105,1210822.016845047,-0.023235966052545742,-0.06451927176771122,-0.011139560067636611,-0.007026670794640588,0.012198760353469895,-0.004321884506812923,-0.023260987189138493,-0.09820136956120995,-0.029512298734492126,0.031184450912582706,0.04977123187282806,0.04760671241697434
2012-12,569637.9439554212,194774.7688501412,404782.7355874316,544663.2455729801,725168.1564044832,1238451.671865968,-0.005366923701565107,-0.024423244128609634,0.04342991851234457,-0.008862331539697399,0.017703282911782914,0.022818923538336033,-0.022608026626334432,-0.09732190429096754,0.029228888270112385,-0.0046452887306144275,0.07457124471720045,0.0477655381428701
2013-01,567766.1365943425,195596.4903778043,395533.2566463181,544087.3446340573,721474.4205235107,1234455.9700889848,-0.003285959759073198,0.004218829433165983,-0.02285047786855421,-0.0010573523064091317,-0.005093626696581421,-0.0032263687536251417,-0.03679482241409049,-0.10758302793123897,0.0017715651683001266,0.013261961042729364,0.033101659954935414,0.029858924517035756
2013-02,570706.6919002229,199883.0424863684,387067.3426277768,552436.2636590467,706611.5759659973,1254384.8957259776,0.005179166414395198,0.02191528130328102,-0.021403798230072657,0.015344813856320805,-0.02060065351551721,0.016143893439598545,-0.025589279378670282,-0.08067231641773043,-0.03013186255142486,0.05158056147539103,0.024837521686081443,0.048673110011914655
2013-03,573145.97915268,197549.720818572,380496.3349851762,558048.6520457558,712939.0616191928,1292839.0342908571,0.004274152181982016,-0.01167343481854144,-0.01697639381816718,0.01015934100621041,0.008954687226210956,0.030655772957648875,-0.03243084408658836,-0.0961936705539932,-0.02835053237224172,0.06720136731600923,0.029953749805778696,0.08723585441957926
2013-04,590300.6552618494,206586.7544117335,385385.0474948034,553015.451180774,728760.8540388658,1288913.3079192664,0.029930727481557673,0.045745615613706825,0.012848251244831577,-0.009019286842698149,0.02219234892774602,-0.0030365159679326403,-0.004787644210659137,-0.04016368253242664,-0.036021935440920805,0.04365758933898345,0.04714255339348461,0.09855784802327872
2013-05,605484.1980684134,210079.4602466317,396058.1315683229,560856.7337571755,730779.2771359833,1318591.0974912383,0.02572171091327835,0.016906726885002277,0.027694598280083582,0.014179138321830154,0.002769664542121353,0.023025434984360382,0.030545620078674007,-0.05199662799410254,0.005618341890762268,0.05639390091017327,0.07541945413001128,0.1382635603214062
2013-06,605085.061093802,213616.8681101459,403592.5897665335,561616.8941121193,732851.5218630881,1345795.968964761,-0.0006592029583674108,0.016838427989872562,0.01902361698363686,0.0013553556714056558,0.0028356643270266435,0.02063177244657788,0.02644536853442503,-0.0375339318320379,0.03191538205833844,0.0552035464358116,0.0624283395271894,0.14164596441781252
2013-07,611093.7746431277,213982.6973037902,398668.5817529216,590106.6438129473,761532.1462570445,1367015.154251135,0.009930361755194905,0.0017125482499615874,-0.012200442075659401,0.05072808528288397,0.039135655092921384,0.015767015042181143,0.05398953839598164,0.03216069397944854,-0.002969031053748239,0.0848136701802773,0.10126934328018611,0.15227886580179129
2013-08,610347.2251375074,211790.7732256398,399895.8728101457,592806.8991894297,764303.2868282513,1379746.6654229595,-0.0012216611207604977,-0.010243464101391875,0.003078474485819438,0.004575876927998657,0.003638901633800984,0.009313365058340572,0.05990113530714525,0.02755020012933085,0.0014453311750930453,0.0901916688750608,0.09041850180117539,0.1398619093318818
2013-09,615404.3346750159,214643.6558975507,400475.3956035884,606204.4800801418,772411.4361986904,1396752.3061927643,0.008285627146693564,0.013470287815000592,0.001449184232310774,0.022600244546801207,0.010608549655839905,0.012325190700563704,0.06813349095959031,0.04131703072540649,0.002531397799529156,0.1126359407207096,0.09759419226673849,0.16890437933041702
2013-10,621653.1982762972,214939.8891480513,410885.1106755993,609400.337739873,793302.2753431743,1376942.2217831744,0.01015407797636203,0.0013801164970932422,0.02599339481598273,0.0052719136277394885,0.02704625820572404,-0.014182961661676208,0.06023422501934195,0.007118589393667829,0.047361754150744284,0.10114924813045678,0.1269040803051129,0.13228139020825513
2013-11,610979.6747283688,211363.2543886228,407500.6497342592,603573.3039710969,781196.7475988108,1364530.1674329194,-0.01716957875793723,-0.016640162854857143,-0.008237000692907115,-0.009561914242429248,-0.01525966598183115,-0.009014215813776927,0.06681902053640587,0.058664216336573816,0.05043602990845497,0.0983378116756688,0.09633398489697131,0.12694528877859268
2013-12,602637.0655396344,196391.7305477003,412004.9114507001,611949.6021009884,777682.0377947659,1364227.510196697,-0.01365447908302897,-0.07083314403077423,0.011053385361172507,0.013877847271874355,-0.004499135224062534,-0.00022180325759435515,0.057929992084227555,0.008301699994844647,0.017842104487948207,0.12353753824020863,0.07241614365784632,0.10155893943057404
2014-01,617592.4355889946,202373.9533374244,424425.5930229671,622926.8891527094,797998.2816195284,1380538.395131093,0.024816545321467043,0.030460665390751318,0.030146925988170592,0.017938220752220513,0.02612410064448989,0.011956132545695608,0.08775849030646232,0.03465022785699845,0.07304654132404398,0.1449023677837573,0.10606593791709362,0.1183374932615684
2014-02,615738.3416359838,205065.1192534904,419241.1896874368,631017.26284886,785283.7468476793,1403652.4168189098,-0.003002131901506555,0.01329798559392148,-0.01221510535829018,0.012987677746829851,-0.015933035276774254,0.01674275903468958,0.07890506695448707,0.025925544771890463,0.08312209147181915,0.14224446213819153,0.11133722338772967,0.11899658677454283
2014-03,615045.2572235916,205383.0892092088,413935.3043831284,623177.998365819,798538.6207020994,1443661.2371782651,-0.001125615160736504,0.0015505804052677874,-0.012655925598017093,-0.012423217152014221,0.01687908849206221,0.028503367272381563,0.0731040251435664,0.03965264217118736,0.08788250062712155,0.11670908276779257,0.12006574431270045,0.11665969149062416
2014-04,621776.9097062211,208296.7144960847,426712.3551794519,627655.7757960265,795955.0297994806,1464152.59713701,0.010944970965254264,0.014186295951114092,0.03086726515237581,0.00718539075825797,-0.003235398809323997,0.014194022414009355,0.05332241149285055,0.008277200971671173,0.10723640668805601,0.1349696910925069,0.0922033275912364,0.1359589416456859
2014-05,630423.6786163761,208853.9371150345,430502.4768015239,631601.6032365243,801680.8556095532,1470058.4364333206,0.013906545539364767,0.002675138781222941,0.008882146429713966,0.006286610579650187,0.007193654912281966,0.0040336227985107165,0.041189316959094,-0.005833617099731958,0.08696790316312208,0.12613714915292062,0.09702187882426294,0.11487059121684151
2014-06,635894.6367639388,210832.134684658,434273.8134534464,620655.9468967628,824590.5477406002,1471583.4344675867,0.008678224395965106,0.009471679571613434,0.008760313482844895,-0.017330000879783203,0.028577072747518528,0.0010373723904242294,0.05091775958646694,-0.01303611203611521,0.07602028497267765,0.10512335615897106,0.12518091747191717,0.09346696557546275
2014-07,647842.7714696985,218495.331828329,441768.3167780064,620146.5293807294,839512.7249146437,1503209.6132549776,0.018789488092813,0.036347386773524226,0.017257552936388088,-0.0008207727946223375,0.018096468865585136,0.02149125767974769,0.06013642807608677,0.021088782323985145,0.10810918391305857,0.050905858937090986,0.10239958883006617,0.09962907768820695
2014-08,653552.8003274715,220404.4397081974,451288.1794852589,634225.591228709,843867.6490694674,1536584.384360738,0.008813911506366123,0.00873752250857418,0.021549446498754454,0.022702798743449826,0.0051874426981037836,0.022202340120412334,0.07078851743813552,0.04067064089416528,0.12851422124957046,0.06986877530594326,0.10410051037644585,0.11367138828322543
2014-09,646490.9069141818,212959.5106820955,444143.9712700276,639664.5418034996,849818.751722647,1534086.599902167,-0.01080539079589471,-0.033778489380515864,-0.015830700957822463,0.008575734959312298,0.007052175373403413,-0.0016255433050038626,0.05051406122380042,-0.007846238028386132,0.10904184413282825,0.055195998747706865,0.10021513392513359,0.09832401428693216
2014-10,654818.9034379972,215344.8983714241,453579.4256589096,644920.2321849272,855239.3377586122,1549249.858184758,0.012881846341144199,0.01120113246733312,0.021244134783370727,0.008216322834793344,0.006378520155006395,0.009884225755937281,0.05335081562141242,0.0018842906497165135,0.1039081579595571,0.05828663399956335,0.07807498395065693,0.12513788427407002
2014-11,661089.4890921125,221029.0898158978,456070.4739005038,648209.2675482826,867891.8317920414,1566381.4860666548,0.009576060833297317,0.0263957562378363,0.005491978032238887,0.005099910344280145,0.014794097365292469,0.01105801481367874,0.08201551776009852,0.045730916924201725,0.11918956251460755,0.07395284596504159,0.11097727231930765,0.14792734045116562
2014-12,655018.4951516516,218309.6504099366,448117.3480341551,659437.0366295621,864904.8118018984,1528226.926324898,-0.009183316390037222,-0.012303536191667352,-0.017438370430627348,0.017321210361194384,-0.003441696166186281,-0.02435840826845248,0.08692035821778066,0.11160306903509265,0.08765050022413678,0.07760023761031398,0.11215737250980595,0.12021412477201499
2015-01,662094.6562868124,223234.8632779657,456100.5329491824,656910.3840461298,879717.7182270497,1544507.1316997642,0.010802994400215482,0.022560674064479702,0.017814942782395482,-0.00383152968833278,0.017126631998139574,0.010653002570774728,0.07205758706447929,0.10308100225605243,0.07463013646422878,0.054554548029936534,0.10240552954784898,0.11877158733647608
2015-02,684359.8683877769,229776.9955770771,476946.3211311745,662694.0049053454,913188.3317768488,1547569.849672698,0.033628442533931935,0.029306051048869186,0.0457043714621459,0.008804276808036304,0.038046992639019006,0.0019829743159316404,0.11144592128122044,0.12050745837979004,0.13764184641962185,0.05019948568993837,0.16287690333921945,0.10253067720279896
2015-03,682871.3520753066,227075.3759694392,488958.0956728702,659093.0599271597,902401.4979675097,1528252.1570830925,-0.0021750490951156776,-0.011757572166233965,0.0251847514269683,-0.005433797426159015,-0.011812277307957308,-0.012482598180425297,0.1102782178304933,0.10561866044450263,0.18124279445442637,0.05763210776940464,0.13006619163152178,0.058594715800616815
2015-04,674246.8462087357,221001.1321252405,477387.5039014809,670936.1249679052,889157.8509253468,1520480.4036178712,-0.012629766705485879,-0.02674990107697195,-0.023663769704981852,0.01796872969964869,-0.014676002945464561,-0.005085386877552223,0.08438707787863309,0.06099192519618257,0.11875716300906691,0.06895554990629749,0.11709558660537156,0.03847126767456088
2015-05,684009.3897705204,232400.516354314,491312.8955719433,681830.8950685281,875152.857873537,1590191.9209300263,0.01447918313104335,0.05158065987921501,0.029169996191052983,0.0162381629117736,-0.01575085125462805,0.0458483497362292,0.0849995217053896,0.11274184994803482,0.14125451547275314,0.07952685929645087,0.09164744517707102,0.081720210244278
2015-06,687861.4248627494,232588.9803138059,495950.7956088209,677669.4838565756,908385.1718121517,1602239.9951527638,0.005631552943332174,0.0008109446676296539,0.009439809291955426,-0.0061032893083179385,0.03797315364925291,0.0075764906513240415,0.08172232488587894,0.10319511141738258,0.14202325870147425,0.09186013159928064,0.10161967573015596,0.08878637637861697
2015-07,690647.2189330893,232457.9094386125,489474.7511601256,687629.1090545458,921921.7933548072,1615829.1897014885,0.004049935015465911,-0.0005635300305997237,-0.013057836595957939,0.014696877217033055,0.014901852168778928,0.00848137269687177,0.06607227763965695,0.06390332229731044,0.10798971445046446,0.10881715284483429,0.09816297715861588,0.07491940941133945
2015-08,690964.9213218905,229082.2885158729,505378.717163228,704346.9408666729,935418.5615058002,1620794.7673394685,0.00046000675901081145,-0.014521428549760795,0.03249190272921676,0.024312280547740706,0.014639818961084794,0.0030730832625305293,0.057244221087681346,0.03937238659604336,0.11985808655494812,0.1105621573896367,0.10848965775294972,0.05480361757923524
2015-09,696197.6974524579,235462.3752323559,506215.6674268067,701920.6703652787,934661.4519625003,1651705.8636264233,0.007573142961521784,0.027850632878765325,0.001656085298321619,-0.0034447093621344793,-0.000809380500298329,0.019071567177931792,0.07688706833563308,0.10566733778728721,0.13975580030791668,0.09732621474726644,0.0998362298641573,0.07667055023605407
2015-10,692780.0930475608,229404.2441703617,503961.4901991491,711277.637512179,927790.2736726246,1626922.9134975022,-0.004908956776793261,-0.02572865858511786,-0.004452997749192611,0.013330519447491085,-0.007351515648204354,-0.015004457315728414,0.05797204297288272,0.06528757312229527,0.11107660905705785,0.10289242299383172,0.08483114925951818,0.050135912488481926
2015-11,706865.4747050159,240459.649123301,496970.3789400488,707514.5846092259,917184.8527149345,1599145.0486394593,0.02033167782794254,0.04819180653314015,-0.013872312458512726,-0.005290554214687604,-0.01143083869127981,-0.017073866639647384,0.06924325128171138,0.08790951147465487,0.08967891451018972,0.0914910045721089,0.05679627243536989,0.02091671975457099
2015-12,710837.103769706,243735.0961214663,501965.1387727857,708148.5258385473,918920.626967371,1624603.5485313246,0.005618649102005602,0.01362160765894549,0.010050417578991055,0.000896011535467478,0.0018925020919158264,0.015920069235448864,0.08521684354138914,0.11646505623451087,0.12016448587597739,0.0738682944742588,0.06245290167011408,0.06306433982170079
2016-01,701429.4622618236,242241.0576728798,487179.0832636714,700352.7155031284,943352.3761804226,1611904.729118795,-0.013234595462155663,-0.006129763305986691,-0.029456339428796996,-0.011008722112621161,0.026587442371036385,-0.007816565108459628,0.05940964120690895,0.08513990205574729,0.0681396930486633,0.06613129052614886,0.07233531465254539,0.0436369609668672
2016-02,686741.397190287,241081.3244956616,478580.1105495289,719708.3363326545,922496.0597525783,1620989.196366494,-0.02094018837499867,-0.004787516981470175,-0.017650537573446146,0.027636961206927158,-0.0221087230545709,0.005635858673028071,0.0034799363792628046,0.049196956771908606,0.0034255205375723907,0.08603417415169257,0.010192561218581142,0.04744170139352599
2016-03,699638.9870979141,240724.9967999461,491179.8880671512,729604.4537328176,965213.7651900165,1644893.356734335,0.018780853987244495,-0.0014780393979538786,0.026327415702994017,0.013750177538014441,0.04630665354700314,0.014746650021741692,0.024554603105913175,0.060110528375141525,0.004543932115948612,0.10698245527490524,0.06960567703398057,0.07632326845451365
2016-04,697306.9297589102,243597.2938855973,489016.5772850756,710135.5870882958,965994.207351399,1609623.193864856,-0.0033332295398190714,0.011931860520651316,-0.004404314660741648,-0.02668413898094324,0.0008085692408550393,-0.021442218563945126,0.0342012479255045,0.10224455206660044,0.0243598194099246,0.05842502834717056,0.08641475340524574,0.05862804284414058
2016-05,697947.8004203447,235171.7538851845,500351.4426895245,730356.9580572693,969782.3759086167,1655699.2199480326,0.0009190653843869079,-0.03458798686150322,0.023178898080260968,0.02847536630558878,0.0039215230571663096,0.02862534924869209,0.020377513610596143,0.01192440350108992,0.018396722738285298,0.07117023200285466,0.1081291310240502,0.041194586738746874
2016-06,699872.2374012286,241704.0481398216,489694.254144725,707566.1455776787,964975.7733095605,1643128.643740479,0.0027572792402597024,0.02777669574138697,-0.02129940604850511,-0.03120503231764038,-0.004956372397005859,-0.007592306655763381,0.017461093331226918,0.03918959451010018,-0.012615246350024534,0.04411687767163874,0.06229802428909692,0.025519677895580628
2016-07,710339.7861410434,251596.5140817568,495077.8588864424,711105.8587274206,957351.2627076131,1634002.0288390354,0.014956370863749235,0.04092801100382304,0.010993808271489991,0.005002660418202964,-0.00790124561966754,-0.0055544128794854375,0.028513207131095397,0.08233148396354495,0.011447184380882991,0.03414158790507593,0.03843001609049779,0.011246757549233433
2016-08,703862.9518133518,245175.8285869164,494270.7715596518,716062.8010854919,956209.8951388899,1664289.2939645876,-0.009117938279759485,-0.025519771282498604,-0.0016302230291734832,0.00697075167815675,-0.0011922139899780415,0.018535634956996505,0.01866669362431006,0.07025222323081692,-0.021979448730898077,0.01663364961080549,0.022226770441267085,0.026835307900527905
2016-09,701438.1220031643,241553.7225290299,494220.3492481723,715870.4419807517,944773.4787922124,1689847.7071517496,-0.0034450311725322535,-0.014773503892136053,-0.00010201354071659452,-0.0002686344053183243,-0.011960152686995906,0.015356953433425025,0.007527207530105828,0.025869726705436635,-0.023696062667536433,0.01987371537044713,0.010818919308675845,0.023092394575377595
2016-10,692388.130419362,234146.8572029354,493131.3028072459,725803.5653528009,937278.0560703512,1692806.053684292,-0.012902052654277352,-0.030663428609361776,-0.00220356454885573,0.013875588080666024,-0.007933565971224521,0.0017506586658797563,-0.0005657821755162828,0.020673606321998772,-0.02149010907088056,0.020422303576742573,0.010226214551882995,0.040495551227535564
2016-11,703308.0178765088,243953.6251217391,500809.2006490644,730818.60732405,917201.6818066454,1675946.489016922,0.015771338325128337,0.041882979066868886,0.015569682553329134,0.006909640859660726,-0.021419870158785548,-0.00995953708381192,-0.005032721155311393,0.014530404627873805,0.007724447716990879,0.03293786901607887,1.8348636767306914e-05,0.048026562970510334
2016-12,703054.0555701606,249806.1155224286,494273.039927235,730041.3506621106,917583.3040344175,1643644.4916793737,-0.0003610968450422636,0.023990175992543383,-0.013051199365663235,-0.0010635425181433344,0.00041607231576423764,-0.019273883473747477,-0.010949130480486069,0.02490826925448908,-0.01532397023497789,0.030915583418943404,-0.00145531931018561,0.011720362894235059
2017-01,706875.1773070629,255402.7344198984,496551.638885579,721256.4804026561,931883.3408814981,1638120.2916641897,0.005435032636008863,0.022403850625375643,0.004610000494219779,-0.01203338722044589,0.015584456238693978,-0.003360945778207669,0.007763738676842991,0.054332972591260686,0.01923841959535655,0.029847481757118155,-0.01215774252391455,0.016263717124104682
2017-02,705434.6253439164,252931.8945622661,490163.4989317607,719777.8264920051,947415.295490105,1656157.5497819136,-0.0020379156170605706,-0.009674288974408807,-0.012865006282438918,-0.0020501083190621605,0.016667273603061528,0.011010948469113657,0.027220185400370855,0.04915590243829837,0.024203656037713683,9.655322280233136e-05,0.0270128370458409,0.02169561246567886
2017-03,726798.3351348914,257594.2524768012,500434.2089924482,748139.6043647244,991681.8138305034,1662393.0634526731,0.030284464390388788,0.018433254226810636,0.02095364114845566,0.0394035170699083,0.0467234575493094,0.003765048603969312,0.03881908889845276,0.07007687569261556,0.018841001331943552,0.025404382521346802,0.027421955213492222,0.010638809286141804
2017-04,723182.0756966243,256498.8329599983,497821.9226268709,776155.9511358339,968875.5048214262,1649369.4347281693,-0.004975602259182255,-0.004252499837516854,-0.005220039554923228,0.03744801987177149,-0.022997607388790087,-0.007834265560188625,0.03710725483060995,0.05296257141698835,0.01800623077172725,0.09296867421929278,0.0029827274823182037,0.024692885275763743
2017-05,727964.3197734944,263648.5575577852,495628.5188729687,765466.0102216799,1006421.941183771,1626142.3549809826,0.006612780152582376,0.027874296796125853,-0.004406000728791271,-0.013772929136870227,0.038752591200316155,-0.014082399769348664,0.043006825632335266,0.12108938765879018,-0.009439212948340492,0.04807108603141086,0.037781224102805266,-0.01785159080281362
2017-06,728082.6699490328,264646.1982391709,503260.3434445816,754595.7734444013,1002220.7344097493,1670343.159786925,0.00016257689054777202,0.003783979289046835,0.015398275686329121,-0.014200809222254751,-0.00417439902897998,0.027181387084932895,0.04030797485631865,0.09491835273721883,0.027703182516508162,0.06646675814079006,0.0385967835984633,0.016562620431528563
2017-07,734661.5945528562,266815.6898703339,517719.9807954495,742706.6491935023,1006269.863183454,1711602.9341558607,0.009035958243977849,0.008197705637178032,0.02873192282924264,-0.015755619987944502,0.00404015665879176,0.02470137595809896,0.03423968203152783,0.060490408001565577,0.045734466816866215,0.044438939826250135,0.05109785966907032,0.04749131515580851
2017-08,725457.2097283585,255307.4597197183,516917.7292326905,737391.0788355088,978542.2093552079,1727751.8067507676,-0.012528740977809982,-0.04313175944116454,-0.0015495858620840908,-0.0071570254066872785,-0.027554888447644088,0.009434940939074377,0.030679634237565256,0.041323939603655324,0.04581892957493139,0.029785484901163617,0.02335503358608748,0.03813189991446908
2017-09,718513.4468919256,251149.6317256292,510236.1266133967,750592.1807843425,975126.3320542994,1695947.4669770875,-0.00957156775522694,-0.016285571908684626,-0.012925853073780025,0.017902443259390832,-0.0034907817652130024,-0.018407933158809286,0.02434330891511527,0.03972577651104525,0.032406147155996656,0.04850282504683201,0.032127122472669134,0.003609650620894689
2017-10,717720.9071041587,256770.6468428397,516393.3513749961,727028.7268071816,963718.822852589,1680091.955965644,-0.0011030270779138762,0.022381140193552973,0.012067402601354305,-0.03139315140818266,-0.011698493648180208,-0.009349057868935584,0.03658753749786725,0.09662222209669125,0.04717211914012842,0.001688006938606268,0.02821016304712587,-0.007510664137203693
2017-11,712457.6282052958,252729.6281228924,510019.2217474235,726422.792471435,969753.0700305086,1681011.8759871896,-0.007333322530757802,-0.015737853098219068,-0.012343554793260325,-0.0008334393310805988,0.006261418823447329,0.0005475414713338456,0.013009392892195937,0.03597406268004355,0.01839027934475368,-0.00601491917222885,0.057295346559276705,0.003022403760181369
2017-12,705031.9938760836,237434.6419978624,509545.8377887718,741915.0197752505,972609.6736504718,1700218.8749816893,-0.010422562739509922,-0.06051916523848422,-0.0009281688580869973,0.021326736253838963,0.002945702064004241,0.011425855622358538,0.002813351676520748,-0.04952430207200198,0.030899516315486597,0.016264378863431572,0.05996879997065685,0.03442008511494565
2018-01,726223.463047978,259252.614500929,512972.3580818287,741871.4762267658,959445.694724871,1680716.654490689,0.030057457471382554,0.09189043485601833,0.0067246556422218,-5.869074937703278e-05,-0.013534698741163864,-0.011470417590329518,0.027371573315992048,0.015073762188861917,0.033069509614555015,0.028582059758549327,0.029577043213693255,0.026003195884488628
2018-02,725760.8197418373,261833.3410453951,503663.8574167723,722577.522118761,968913.5338945776,1698692.2561720884,-0.0006370536476457689,0.009954486088536108,-0.018146203237663583,-0.02600713833363133,0.009868030282236706,0.010695200546368522,0.028813718050785253,0.03519305660732974,0.027542561848104885,0.0038896663994232306,0.02269146224133034,0.025682765746396496
2018-03,727543.9320937085,263355.8324409342,492516.2259790071,726775.3583997049,971343.4979054307,1685306.8787684615,0.002456887039597344,0.005814734630282148,-0.022133077991619232,0.0058095306765630905,0.0025079265856529087,-0.007879813047355744,0.001025864979009139,0.02236688089402117,-0.0158222257215046,-0.028556496461861203,-0.020508912880547014,0.013783632655563371
2018-04,731840.4600859372,279331.8413792193,496280.2806932931,735170.6815671559,978556.3462471038,1674031.179823185,0.005905523780349808,0.06066320533025693,0.007642498897988403,0.011551469199419184,0.007425641245580428,-0.006690590946567654,0.011972620285109148,0.0890179817027934,-0.0030967738934497557,-0.05280545682694282,0.009991832157488334,0.014952226333138086
2018-05,728565.1123064548,262191.5567673984,515542.9719303666,748963.8778973056,973810.9027073731,1684643.4045664626,-0.0044754942615468085,-0.06136172849894117,0.038814137870164744,0.018761896626164454,-0.00484943310411301,0.006339323228375271,0.0008253049176192295,-0.005526299115319322,0.04018020008752177,-0.021558282280352614,-0.03240294864601245,0.035975355666917785
2018-06,724733.2161676149,247097.6626694287,522992.7447835139,763174.7596459219,973806.1410679768,1698357.2286835327,-0.005259510885319618,-0.05756819282842174,0.014450343150354428,0.018974054915055216,-4.889696123777654e-06,0.00814049078867174,-0.004600375643678434,-0.06630941871261231,0.03920913220356925,0.011368982577733222,-0.028351631897245655,0.016771445276060115
