,Queens_All,Queens_Q1,Queens_Q2,Queens_Q3,Queens_Q4,Queens_Q5,Queens_All_MoM,Queens_Q1_MoM,Queens_Q2_MoM,Queens_Q3_MoM,Queens_Q4_MoM,Queens_Q5_MoM,Queens_All_YoY,Queens_Q1_YoY,Queens_Q2_YoY,Queens_Q3_YoY,Queens_Q4_YoY,Queens_Q5_YoY
1995-01,,,,,,,,,,,,,,,,,,
1995-02,,,,,,,,,,,,,,,,,,
1995-03,,,,,,,,,,,,,,,,,,
1995-04,,,,,,,,,,,,,,,,,,
1995-05,,,,,,,,,,,,,,,,,,
1995-06,,,,,,,,,,,,,,,,,,
1995-07,,,,,,,,,,,,,,,,,,
1995-08,,,,,,,,,,,,,,,,,,
1995-09,,,,,,,,,,,,,,,,,,
1995-10,,,,,,,,,,,,,,,,,,
1995-11,,,,,,,,,,,,,,,,,,
1995-12,,,,,,,,,,,,,,,,,,
1996-01,,,,,,,,,,,,,,,,,,
1996-02,,,,,,,,,,,,,,,,,,
1996-03,,,,,,,,,,,,,,,,,,
1996-04,,,,,,,,,,,,,,,,,,
1996-05,,,,,,,,,,,,,,,,,,
1996-06,,,,,,,,,,,,,,,,,,
1996-07,,,,,,,,,,,,,,,,,,
1996-08,,,,,,,,,,,,,,,,,,
1996-09,,,,,,,,,,,,,,,,,,
1996-10,,,,,,,,,,,,,,,,,,
1996-11,,,,,,,,,,,,,,,,,,
1996-12,,,,,,,,,,,,,,,,,,
1997-01,,,,,,,,,,,,,,,,,,
1997-02,,,,,,,,,,,,,,,,,,
1997-03,,,,,,,,,,,,,,,,,,
1997-04,,,,,,,,,,,,,,,,,,
1997-05,,,,,,,,,,,,,,,,,,
1997-06,,,,,,,,,,,,,,,,,,
1997-07,,,,,,,,,,,,,,,,,,
1997-08,,,,,,,,,,,,,,,,,,
1997-09,,,,,,,,,,,,,,,,,,
1997-10,,,,,,,,,,,,,,,,,,
1997-11,,,,,,,,,,,,,,,,,,
1997-12,,,,,,,,,,,,,,,,,,
1998-01,,,,,,,,,,,,,,,,,,
1998-02,,,,,,,,,,,,,,,,,,
1998-03,,,,,,,,,,,,,,,,,,
1998-04,,,,,,,,,,,,,,,,,,
1998-05,,,,,,,,,,,,,,,,,,
1998-06,,,,,,,,,,,,,,,,,,
1998-07,,,,,,,,,,,,,,,,,,
1998-08,,,,,,,,,,,,,,,,,,
1998-09,,,,,,,,,,,,,,,,,,
1998-10,,,,,,,,,,,,,,,,,,
1998-11,,,,,,,,,,,,,,,,,,
1998-12,,,,,,,,,,,,,,,,,,
1999-01,,,,,,,,,,,,,,,,,,
1999-02,,,,,,,,,,,,,,,,,,
1999-03,,,,,,,,,,,,,,,,,,
1999-04,,,,,,,,,,,,,,,,,,
1999-05,,,,,,,,,,,,,,,,,,
1999-06,,,,,,,,,,,,,,,,,,
1999-07,,,,,,,,,,,,,,,,,,
1999-08,,,,,,,,,,,,,,,,,,
1999-09,,,,,,,,,,,,,,,,,,
1999-10,,,,,,,,,,,,,,,,,,
1999-11,,,,,,,,,,,,,,,,,,
1999-12,,,,,,,,,,,,,,,,,,
2000-01,,,,,,,,,,,,,,,,,,
2000-02,,,,,,,,,,,,,,,,,,
2000-03,,,,,,,,,,,,,,,,,,
2000-04,,,,,,,,,,,,,,,,,,
2000-05,,,,,,,,,,,,,,,,,,
2000-06,,,,,,,,,,,,,,,,,,
2000-07,,,,,,,,,,,,,,,,,,
2000-08,,,,,,,,,,,,,,,,,,
2000-09,,,,,,,,,,,,,,,,,,
2000-10,,,,,,,,,,,,,,,,,,
2000-11,,,,,,,,,,,,,,,,,,
2000-12,,,,,,,,,,,,,,,,,,
2001-01,,,,,,,,,,,,,,,,,,
2001-02,,,,,,,,,,,,,,,,,,
2001-03,,,,,,,,,,,,,,,,,,
2001-04,,,,,,,,,,,,,,,,,,
2001-05,,,,,,,,,,,,,,,,,,
2001-06,,,,,,,,,,,,,,,,,,
2001-07,,,,,,,,,,,,,,,,,,
2001-08,,,,,,,,,,,,,,,,,,
2001-09,,,,,,,,,,,,,,,,,,
2001-10,,,,,,,,,,,,,,,,,,
2001-11,,,,,,,,,,,,,,,,,,
2001-12,,,,,,,,,,,,,,,,,,
2002-01,,,,,,,,,,,,,,,,,,
2002-02,,,,,,,,,,,,,,,,,,
2002-03,,,,,,,,,,,,,,,,,,
2002-04,,,,,,,,,,,,,,,,,,
2002-05,,,,,,,,,,,,,,,,,,
2002-06,,,,,,,,,,,,,,,,,,
2002-07,,,,,,,,,,,,,,,,,,
2002-08,,,,,,,,,,,,,,,,,,
2002-09,,,,,,,,,,,,,,,,,,
2002-10,,,,,,,,,,,,,,,,,,
2002-11,,,,,,,,,,,,,,,,,,
2002-12,,,,,,,,,,,,,,,,,,
2003-01,,,,,,,,,,,,,,,,,,
2003-02,,,,,,,,,,,,,,,,,,
2003-03,,,,,,,,,,,,,,,,,,
2003-04,,,,,,,,,,,,,,,,,,
2003-05,,,,,,,,,,,,,,,,,,
2003-06,,,,,,,,,,,,,,,,,,
2003-07,,,,,,,,,,,,,,,,,,
2003-08,,,,,,,,,,,,,,,,,,
2003-09,,,,,,,,,,,,,,,,,,
2003-10,,,,,,,,,,,,,,,,,,
2003-11,,,,,,,,,,,,,,,,,,
2003-12,,,,,,,,,,,,,,,,,,
2004-01,,,,,,,,,,,,,,,,,,
2004-02,,,,,,,,,,,,,,,,,,
2004-03,,,,,,,,,,,,,,,,,,
2004-04,,,,,,,,,,,,,,,,,,
2004-05,,,,,,,,,,,,,,,,,,
2004-06,,,,,,,,,,,,,,,,,,
2004-07,,,,,,,,,,,,,,,,,,
2004-08,,,,,,,,,,,,,,,,,,
2004-09,,,,,,,,,,,,,,,,,,
2004-10,,,,,,,,,,,,,,,,,,
2004-11,,,,,,,,,,,,,,,,,,
2004-12,,,,,,,,,,,,,,,,,,
2005-01,569614.3054200222,237219.3386487329,413418.8259808989,468069.9410552954,552090.9092229906,777988.3458831763,,,,,,,,,,,,
2005-02,560350.0241708755,245706.2247221528,410283.8638697897,464661.7035623605,569977.2384318032,805822.0735023902,-0.016264130238645258,0.03577653542819714,-0.007583017303750106,-0.007281470553846758,0.03239743475216006,0.03577653542819714,,,,,,
2005-03,555311.2537074743,241022.1188226086,403110.6679000969,480811.5156937712,565776.7434646884,804621.3223700683,-0.00899218389587264,-0.019063847099686004,-0.01748349521240078,0.03475606448217494,-0.007369583702450555,-0.0014900946149353222,,,,,,
2005-04,568353.9004112765,248709.9056264761,401553.4627127284,479198.5918588816,571079.8912472309,854893.0492491404,0.02348709235896873,0.03189660285712481,-0.0038629719116102246,-0.0033545865318185264,0.009373216279741747,0.06247874059687275,,,,,,
2005-05,578240.9329959205,228928.8477228094,417427.3678266962,478375.8999653051,587343.7502104308,847889.2583741565,0.017395908741876243,-0.0795346604866426,0.03953123702814132,-0.0017168078278050336,0.028479130875506575,-0.00819259307481257,,,,,,
2005-06,581366.5936253058,228128.1092799701,415153.6104682678,502824.1290736555,582663.8748143545,848200.8825373304,0.005405464143105387,-0.0034977612074860165,-0.00544707303276859,0.05110673240462904,-0.00796786446505926,0.0003675293207174857,,,,,,
2005-07,588019.7668765197,220989.5539931477,427770.7540655798,500744.8782111832,596961.5357545762,851117.3207183742,0.011444024001664443,-0.03129187064826622,0.030391506370571086,-0.004135145356494507,0.024538437267587865,0.0034383814507708,,,,,,
2005-08,596443.1256549342,232471.1456929137,427186.2048768466,501322.9334178729,607496.9840091965,858293.6057333194,0.014324958535251842,0.05195535939278839,-0.0013665010596858318,0.0011543906524908998,0.017648454085577248,0.00843160495064077,,,,,,
2005-09,601045.6300991181,241925.8961768263,433005.8958927211,503654.7510247645,610407.5851168026,848085.7124272364,0.007716585615988203,0.040670640890641874,0.013623312151552769,0.004651328418179501,0.00479113672037923,-0.01189324170411532,,,,,,
2005-10,609822.7480263349,251117.7350796601,440319.245370861,505637.452677165,615908.0006051693,857772.7676775344,0.014603080843911043,0.03799443981852768,0.016889722628515624,0.003936628510634366,0.009011053634456756,0.011422259694215953,,,,,,
2005-11,618620.85613268,269812.4761474047,439513.7544877366,514331.632543512,625378.842741839,856775.1910198868,0.014427320290723467,0.0744461201110076,-0.001829333810848932,0.017194493446469394,0.015377040284204613,-0.0011629847615104438,,,,,,
2005-12,615608.7344688775,280172.8424201609,439913.9346021375,517269.4024309384,628300.2053505277,863967.0936262729,-0.004869091680213877,0.038398395881056535,0.000910506463824623,0.005711820353919039,0.004671348643456863,0.008394153661037906,,,,,,
2006-01,623804.5599407885,332363.5137602171,458181.6384670401,510044.9936753396,627770.264079068,872401.9457526018,0.013313367749699045,0.18628026502935846,0.041525631329282886,-0.0139664335869224,-0.0008434523289134743,0.00976293216322155,0.09513499574208817,0.4010810233830506,0.10827473175643276,0.08967688146222041,0.13707770512394046,0.12135605934076898
2006-02,624156.2890092416,314871.256081677,449757.2987965184,513677.48689845,624528.6494869274,880932.5966070456,0.0005638449781233401,-0.052629897549945515,-0.018386462841914364,0.007121907416314244,-0.0051636956664329325,0.0097783491840846,0.1138685858589501,0.2814948275638385,0.09621005943157512,0.10548703058656805,0.09570805179030195,0.09320981091793423
2006-03,622664.0561015431,271664.9925536847,438931.8720239245,522240.4905032538,629024.5423001932,888499.9752864813,-0.0023908000832086884,-0.13721882418122244,-0.02406948547930432,0.016669999801834035,0.007198857597580766,0.008590190337582904,0.12128838006504505,0.12713718508810024,0.08886196019179815,0.08616468919157239,0.11178932249528262,0.1042461224732929
2006-04,620922.1338778221,261471.2307356793,444383.7445662624,519979.8674921769,621736.9130281804,905193.2022924519,-0.002797531360051675,-0.03752328086951051,0.012420771627266847,-0.004328701148580971,-0.01158560402963571,0.018788100698132304,0.09249207831336381,0.05131007981792557,0.10666146809988986,0.08510307902846459,0.08870391438633063,0.05883794831118405
2006-05,621695.7093583085,281309.5323664493,440420.513867018,523318.4553448263,621517.0302127708,903052.4182666758,0.0012458494202085557,0.07587183329864877,-0.008918487113232954,0.0064206098377446175,-0.0003536589364441234,-0.002365002322547771,0.07514994854695711,0.22880770669436656,0.05508298643673948,0.09394820136796334,0.05818275922761851,0.06505939230589575
2006-06,626950.1282758602,283242.3725293293,442121.3220383342,507538.3571979239,619150.480141517,904591.4862974301,0.00845175354833172,0.006870866218504856,0.0038617823597331125,-0.030153911037791525,-0.003807699477588966,0.0017042953427979235,0.07840755755555717,0.24159347755659644,0.06495839344778553,0.009375500998636044,0.06262033207187878,0.06648260444083887
2006-07,634984.6939013697,286091.0021919943,445634.3766566004,507757.0733811509,642595.0675094506,906224.0780407396,0.012815318576622436,0.010057215794469387,0.007945906345502074,0.00043093527833937273,0.03786573396918791,0.0018047834498109427,0.07986963988357276,0.29459061309687606,0.04175980340227281,0.014003528493426565,0.07644300180445018,0.06474637042499998
2006-08,642856.0505056515,279702.5514755175,445162.6209100978,528082.0035174646,659455.177180574,905080.0172861104,0.012396135969703348,-0.022330135053284628,-0.0010586161463619348,0.04002884686759778,0.0262375335940086,-0.0012624479776598418,0.07781617870061419,0.20317104577354672,0.042080984423253254,0.05337691199793371,0.0855283146073873,0.05451096366122532
2006-09,643141.3755065259,280064.2073572382,437818.4387868161,542028.8842476307,670240.3752059763,909725.831365897,0.00044383964442729074,0.0012930017256291837,-0.016497751110071013,0.026410445039346753,0.016354709764374142,0.005133042373111962,0.07003752011384856,0.15764460019830295,0.011114266433192688,0.0761913456485579,0.09802104617970064,0.07268147315233686
2006-10,646219.9337226811,290294.075002582,441692.5965142919,536134.8716791953,672586.5406887716,929735.627097755,0.004786751923293142,0.03652686554228257,0.008848776991236429,-0.010873982438438956,0.003500483661663001,0.02199541338934452,0.059684860583085975,0.15600785786991223,0.003118989591913257,0.06031479440567078,0.09202436082647414,0.08389501524403009
2006-11,646419.7459157684,301799.609132384,438467.3662462646,537600.3204762951,673466.5239520987,928479.2384980855,0.00030920153133662254,0.0396340646280835,-0.007301979461462271,0.002733358478455017,0.0013083569326646227,-0.001351339631451287,0.044936877745884285,0.11855320199316521,-0.0023807861091664773,0.04524063164793701,0.07689368095573812,0.08369062063158461
2006-12,645908.8375825108,308827.5648314456,442563.2843490039,540598.5095766347,674522.2040580302,921623.0095948054,-0.000790366223318073,0.023286828366894108,0.009341443441514441,0.005576985329330375,0.0015675316714132137,-0.007384364258236742,0.049219742048941084,0.1022751604465384,0.006022427430634858,0.04510049702545671,0.07356674136643848,0.06673392585652449
2007-01,641725.5614361791,310512.2888456558,437597.9654552645,536930.9614137344,672266.0070403067,912559.309979248,-0.0064765736322617284,0.005455225524087393,-0.01121945509113631,-0.0067842365414078065,-0.003344881760970697,-0.009834497968472355,0.028728551610927022,-0.06574495698202854,-0.0449247007816449,0.05271293331330784,0.0708790229599574,0.04603080543567928
2007-02,636499.75974162,305730.737431926,435039.3654486582,537236.1733547159,652198.7332556725,915289.1360013933,-0.008143359106443815,-0.015398912009265131,-0.005846919338266199,0.0005684379611448076,-0.029850198544147166,0.0029913957287963644,0.019776249874805973,-0.029029384147341575,-0.03272416787285759,0.04586279729429399,0.04430554753809468,0.03900019085077977
2007-03,631042.1483502873,304624.0549421672,429303.1505758163,528776.2116159764,645748.6748588933,924913.4765224603,-0.008574412335282222,-0.0036197946567451122,-0.013185507630846471,-0.01574719305647676,-0.009889713162399949,0.010515082221026484,0.01345523668284132,0.1213224496784191,-0.02193671059636193,0.012514772851918154,0.02658740865267961,0.04098312014498151
2007-04,627402.8974984551,298072.26734938,427678.8610005203,532343.3251459692,652790.1960342923,897732.0654230836,-0.005767048780095263,-0.02150778143253007,-0.0037835491612799865,0.006745979587643447,0.010904429926918091,-0.029388058223105196,0.010437320989282517,0.13998112339441504,-0.03759112202010628,0.023776800654649044,0.04994601793042408,-0.00824259047733955
2007-05,614407.2500898954,284079.8434145976,422217.2600804323,525639.0110754955,642955.2515085042,870552.5781545998,-0.020713400369005597,-0.04694305867235016,-0.012770331709430316,-0.012593966626021524,-0.015066011385488909,-0.030275722919259507,-0.01172351547340722,0.009847910324416453,-0.04133153023858027,0.004434308989045954,0.034493377097638334,-0.03598887446030696
2007-06,615365.4595549008,285072.1467622714,429449.1519480898,528162.9644061272,635891.3753774543,878770.5069662897,0.0015595673144566113,0.0034930438419933374,0.017128366249830496,0.004801685714816983,-0.010986575060202952,0.009439899459157797,-0.01847781537714621,0.006460100643143063,-0.028662200754809186,0.04063654877647083,0.027038491889905147,-0.02854435369144126
2007-07,614139.9469340189,283835.3565539151,426504.5752302916,523332.2942647514,635343.8586743587,879548.6228936819,-0.001991520001412339,-0.004338516485750232,-0.006856636471258337,-0.009146173561804805,-0.0008610223762991476,0.0008854597659158081,-0.032827164445933255,-0.007884364138671662,-0.04292712238636376,0.030674552261547472,-0.011284258472751607,-0.02943582695874758
2007-08,609960.9632515537,282160.8952956287,428362.282351468,520635.587281051,625888.7171211718,877273.9782843733,-0.006804611397333682,-0.005899410413897188,0.004355655786748125,-0.005152953512049474,-0.014881927989223054,-0.00258614992975037,-0.051170222677726196,0.008789136198946501,-0.037739778160805426,-0.0141008710518713,-0.050900290453267605,-0.030722188613901524
2007-09,602320.9239895579,267964.1696250052,431957.6861875765,515615.3978636196,621653.5271601265,850588.9701652095,-0.01252545609028588,-0.050314291977806236,0.008393371648810266,-0.0096424246441712,-0.006766682071735364,-0.030418100593100794,-0.0634704173476921,-0.04320451315936524,-0.013386262614885736,-0.04873077275332782,-0.07249167588705507,-0.06500514678350633
2007-10,605001.2604455418,277037.385772971,424804.774291829,518441.2120023792,620437.9050238233,858875.6286403477,0.004450013853462664,0.03385981103616609,-0.016559288385116,0.005480468873637179,-0.001955465678537216,0.00974225949994234,-0.06378428012842441,-0.04566641337579158,-0.03823433391398601,-0.03300225486433839,-0.07753446212519333,-0.07621521257457076
2007-11,595453.8072326822,265324.6165122245,419867.2964651412,515293.5533076671,618383.0400686314,834523.3249647144,-0.01578088152383106,-0.04227865935157582,-0.01162293393457925,-0.006071389815934691,-0.0033119590833395884,-0.028353702053677488,-0.07884341251191807,-0.12085831630139654,-0.042420647950061396,-0.04149321776606263,-0.08179097538541524,-0.10119333813576159
2007-12,590293.5410759223,264688.4969658291,417146.6633355255,507314.8980946894,611566.171237977,832627.3438744821,-0.008666106579688804,-0.0023975142403195315,-0.006479745273139104,-0.015483708580793842,-0.011023699534026488,-0.0022719330107549007,-0.08610394109909347,-0.14292463786290266,-0.057430478108606464,-0.06156807851359247,-0.09333426304026748,-0.09656406664526596
2008-01,584145.4854936092,266650.456266439,414468.8054833897,498695.3543443622,605954.0436241262,825387.9899592949,-0.010415251319042196,0.007412333074916955,-0.006419463674295023,-0.01699051966086429,-0.009176648215335814,-0.008694590645438316,-0.08972694778388746,-0.1412563500860956,-0.05285481605887232,-0.07121140298689077,-0.09863947116428362,-0.09552400492405844
2008-02,580232.1823359976,252770.4986050682,413343.7945201371,491072.4396764074,611926.049782684,824241.7180008881,-0.006699192675100218,-0.05205300548033509,-0.002714344115573586,-0.015285714217203261,0.009855543042241344,-0.0013887674310154585,-0.08840156896282825,-0.17322510412826886,-0.049870362665103585,-0.08592819316324862,-0.06174909796582051,-0.09947394153312294
2008-03,571142.1183740912,258608.2278297074,411846.7302378938,486873.7743081718,605180.0236455549,810024.21023094,-0.015666252646156287,0.02309497847594999,-0.003621838048835979,-0.00854999187289407,-0.011024250625585874,-0.017249197000645866,-0.09492239168618255,-0.1510577591162191,-0.04066222275449993,-0.0792441800279704,-0.06282421132680338,-0.12421623125601677
2008-04,563952.658379868,244740.0271597865,410489.1355465536,494170.9677822744,596016.275476508,806148.9957590938,-0.012587865196651782,-0.053626293278855264,-0.0032963590376352547,0.014987854879781937,-0.015142185483660309,-0.004784072405368489,-0.10113156852091731,-0.17892385851207382,-0.040193067793326764,-0.0717062759324123,-0.08697115995719085,-0.10201603929656733
2008-05,564554.6216916196,259691.1726687958,409355.786448716,490619.3364708474,589100.7968114195,813986.02601129,0.0010674004330095688,0.06108990704347672,-0.0027609722150832017,-0.007187049711491311,-0.01160283527418704,0.009721565484078543,-0.08113938823310074,-0.08585146504114338,-0.030461742917061607,-0.06662305092804144,-0.08376081316814987,-0.0649777550061591
2008-06,564805.3857060504,253571.1961914178,405093.0011457308,490584.8364986539,592008.4497067429,818043.7631365117,0.00044418025253145643,-0.0235663631323475,-0.010413399404870183,-7.031922639177957e-05,0.004935747687087488,0.00498502062142947,-0.08216267758255535,-0.11050167800898136,-0.0567148652916728,-0.07114873711322522,-0.06901009727433915,-0.06910421247456311
2008-07,561994.9550942256,250569.7568766548,401139.7961151236,492877.0360358245,606363.5414221144,815050.8423498899,-0.00497592743084696,-0.011836672933850267,-0.0097587591477174,0.004672381546747761,0.024248119638296428,-0.003658631630105491,-0.08490734416498646,-0.11720033783367434,-0.05947129430316711,-0.05819487649183708,-0.045613594680385505,-0.07333054576516385
2008-08,551447.3475175252,242400.0575829463,393829.3435573825,485716.9811790597,598897.2103266937,811991.0580147022,-0.018768153488018302,-0.03260449064381754,-0.018224201708581078,-0.014527061180112155,-0.012313291590569153,-0.0037541024144776003,-0.09593009923472262,-0.1409154789894742,-0.08061619852363999,-0.0670691880367782,-0.04312508926287695,-0.0744156579194799
2008-09,547644.2985895728,237768.3352326429,398565.6492890755,481420.9482657947,593101.0867038668,811419.219277609,-0.006896486029124627,-0.019107760932434936,0.012026289582464544,-0.008844724561279604,-0.00967799402449232,-0.0007042426532273272,-0.09077656648191257,-0.1126860894671815,-0.07730395352659747,-0.06631774330150886,-0.04592982941268675,-0.046050151438000175
2008-10,549098.9725114311,238573.5328670718,393203.6317575367,480520.5288912317,603185.6471395176,806361.3487666781,0.002656238594293203,0.003386479674179821,-0.013453285653450164,-0.0018703369219943422,0.017003105645439387,-0.00623336296548882,-0.09240028341914952,-0.13883993598401878,-0.07438980079019342,-0.07314365107026533,-0.02780658264849767,-0.061143055085639
2008-11,546235.2735862044,232938.1665582293,388600.9944862055,474992.577005693,600052.0333024359,803638.8001699526,-0.005215269138328371,-0.02362108755786585,-0.011705480060696272,-0.011504090987109472,-0.005195106766784363,-0.0033763381651287228,-0.08265718188152416,-0.1220634948227769,-0.07446710482613517,-0.07820974286070981,-0.029643450059951615,-0.03700858187045597
2008-12,535602.6382167968,236522.1282826618,379150.3833192756,468961.1629382819,585663.4485301478,795819.3537439647,-0.019465303475553752,0.015385893077923818,-0.024319575351126277,-0.012697912260929534,-0.023978895118643817,-0.009730050893926756,-0.09265034945061557,-0.10641327071649631,-0.09108614153216454,-0.07560143670223707,-0.04235473432972103,-0.044207039801549164
2009-01,527404.1544413018,243762.6759929688,369924.1911082214,458987.1398875247,587858.6144024404,793896.4023299013,-0.015307026497835219,0.030612559437373177,-0.02433385964240209,-0.021268334862240668,0.003748169495299436,-0.002416316473100033,-0.09713561511882673,-0.08583439381255198,-0.107473985462468,-0.07962419162504963,-0.02986270891676801,-0.038153678042912365
2009-02,518105.5819775471,240177.3424763831,368479.9119928411,449057.8971388269,580561.6310138077,767539.077918517,-0.0176308290055186,-0.014708295689571105,-0.0039042570075061844,-0.021632943247889225,-0.012412820378672307,-0.03319995447016977,-0.10707196575745015,-0.04982051385814923,-0.10853890422954038,-0.08555671046264779,-0.05125524363608125,-0.0687937031625836
2009-03,509690.9802884457,225904.7463687823,366065.4615308151,453940.1070524326,548626.8634716863,754582.3762151933,-0.016241094444464088,-0.059425239535258245,-0.006552461568306356,0.010872116813249955,-0.05500667945684812,-0.01688083652816863,-0.10759342746527367,-0.1264595551942772,-0.11116093766395618,-0.06764313256046017,-0.09344849129883215,-0.0684446629069767
2009-04,507576.1698352578,230152.9986849003,361465.9926400437,448764.5129061392,548615.1281003243,745090.3916648102,-0.004149201251297585,0.018805502692638587,-0.012564607629294788,-0.011401491222928217,-2.1390442472513094e-05,-0.012579123034906603,-0.09996670413181397,-0.05960213637372269,-0.11942616420587371,-0.0918841005166875,-0.07952995467831314,-0.0757410905620356
2009-05,508984.837399972,217644.9156245609,359157.1600045072,449666.1073529071,543734.2216803657,762225.4797080437,0.002775283097256942,-0.0543468176900187,-0.006387413152405985,0.0020090591409052116,-0.008896776938797757,0.022997327887891883,-0.09843119187500315,-0.1619086879701519,-0.12262835437040454,-0.08347251335939498,-0.0770098688995261,-0.06358898635752297
2009-06,502671.2446411297,212066.388748692,358835.2545514896,442957.2362066048,537995.5029305387,766410.5688404128,-0.012404284558050538,-0.025631321824636122,-0.0008962802050600516,-0.01491967270069805,-0.010554271776552882,0.005490618253763957,-0.11000982398078285,-0.1636810807620055,-0.114190436426721,-0.09708331107820489,-0.09123678353401876,-0.06311788760313863
2009-07,494313.0947808928,213383.3559022689,356350.9269218769,432786.9297665869,538360.0558834294,749063.7328179105,-0.016627467652747918,0.006210164474190094,-0.006923309786597942,-0.02296001873028264,0.0006776133832064879,-0.02263386848741955,-0.12043143750638308,-0.14840737939771098,-0.11165401594907498,-0.12191703381544838,-0.1121496938605433,-0.08096072797339937
2009-08,489769.2639020534,207738.6589698594,347272.3148330709,438500.8932102922,540641.0674525617,755211.145210726,-0.009192212237172148,-0.02645331407663687,-0.025476605792009943,0.01320271720494648,0.004236962873089167,0.008206794860684985,-0.11184763856990287,-0.14299253456747307,-0.11821625149556203,-0.09720905341656416,-0.09727235637373188,-0.06992677104450096
2009-09,488463.0624608266,208504.0811835674,346651.2476935901,436766.1491325672,539684.4170104847,753865.1897496912,-0.002666973077934953,0.0036845439240997813,-0.0017884153528890945,-0.003956078777912708,-0.001769474240246982,-0.001782224043660352,-0.10806510043319018,-0.12307885328987167,-0.13025307546720466,-0.09275624439294938,-0.09006334820636208,-0.07093007924948724
2009-10,488440.9903482909,211625.3647830301,346396.8238051671,443350.1387231026,533815.1635741226,724810.8568172887,-4.518686105869918e-05,0.014969892108321448,-0.0007339477071430789,0.015074404469328506,-0.010875343536643434,-0.03854048883998684,-0.11046821283548736,-0.11295539685475786,-0.11903961248565564,-0.07735442698753636,-0.11500685385066789,-0.10113392968812329
2009-11,485211.1873235931,218406.2642519479,338750.4259945714,429153.8288414578,532354.4833104291,763895.4381199437,-0.006612473335611546,0.03204199778164574,-0.022074099082665,-0.03202053781359293,-0.0027363034311606027,0.05392383534965117,-0.11171758620048311,-0.062385235193515465,-0.12828214337831212,-0.09650413581870732,-0.11281946603768289,-0.049454259851072324
2009-12,487637.9314302581,208602.3992600855,339294.4815943912,432862.1718093751,539925.7997243985,765606.8511942853,0.005001418289736437,-0.044888204216308125,0.0016060661716437163,0.008641057631778137,0.014222321124990556,0.0022403760893685565,-0.08955278291053514,-0.11804277775316696,-0.10511898043189494,-0.0769765046272235,-0.07809544700209314,-0.03796402086421169
2010-01,484635.5532960355,201891.3897475386,344093.7141020058,424945.4123553257,546198.0953277524,765435.7684409524,-0.006156982344290851,-0.03217129590240053,0.014144740831216529,-0.01828933080697981,0.011616958490510143,-0.0002234603217905473,-0.08109265121465081,-0.1717707031023813,-0.0698264066722224,-0.07416706171885545,-0.07086826331027907,-0.03584930452565804
2010-02,478752.0001430424,187766.4269392236,342168.7203488636,431885.2520457922,537928.55326763,769849.5891943815,-0.012140159988219379,-0.06996317587381018,-0.005594388023524299,0.01633113216119053,-0.015140188387438691,0.005766415596724972,-0.0759566837405935,-0.21821756788866598,-0.07140468391256216,-0.038241494476436655,-0.0734341979709019,0.003010284873221414
2010-03,478181.9755563604,194338.462975416,341911.2682412555,429271.5335374285,539957.5318054054,769780.0642056117,-0.0011906469038494016,0.03500112423356527,-0.000752412749317366,-0.006051881827366934,0.003771836474287138,-9.030983421387528e-05,-0.061819820147206994,-0.13973271434428092,-0.06598326208801963,-0.054343234122193995,-0.01580187235350039,0.02014052868110494
2010-04,478213.2368839523,196976.1209383628,338413.1621206771,432249.0922801925,535781.1933075757,747715.9453650931,6.537537839124141e-05,0.013572495750779012,-0.010231034907308367,0.006936306067694131,-0.007734568464793368,-0.028662886799086018,-0.05784931345542832,-0.14415140335390353,-0.06377593186843211,-0.03680197553722564,-0.023393330105913046,0.0035238056075537205
2010-05,480865.4398132462,195820.0911268857,336525.9486653513,432169.1588375132,529686.4022135932,734477.4740607821,0.005546067579759395,-0.005868883019778948,-0.005576655008036724,-0.00018492448939022577,-0.011375522638928381,-0.017705214642502964,-0.055246041768880705,-0.1002772081077381,-0.06301200103840865,-0.03891097912269825,-0.025835819977191865,-0.036403933463218796
2010-06,481229.6118841681,196503.2054900282,334193.3157020742,432628.24888343,537465.2519244322,722652.9084612172,0.0007573263552966836,0.00348847944667674,-0.006931509954962611,0.0010622924762879737,0.0146857644038636,-0.01609928965443863,-0.04265537960554977,-0.0733882599241451,-0.06867201184068583,-0.023318249435611782,-0.0009856049041639947,-0.057094281000588776
2010-07,474790.8498590812,193111.0497320105,331236.6954069495,433412.2406990276,519231.0377092984,748762.989785858,-0.013379812601051477,-0.01726259757217974,-0.008847036000446118,0.0018121604810157343,-0.033926312724115504,0.0361308741982902,-0.03949368351341154,-0.09500415852276345,-0.07047612232094236,0.0014448470816295078,-0.03553201610164203,-0.0004014919143410234
2010-08,474411.9753028239,194224.640909224,330070.502246113,431020.5218514691,526418.3021729878,742742.9499969746,-0.0007979820090673329,0.005766584453654522,-0.0035207245362827155,-0.005518346329353774,0.013842131809757685,-0.008039980435738614,-0.03135617061159801,-0.06505297630999018,-0.04953407413207289,-0.017058964929486997,-0.026307223286958004,-0.016509548743844915
2010-09,472893.4027747174,195700.4048133361,325984.5086928269,428420.7142924903,529579.6158997278,732612.4539148876,-0.003200957410775973,0.007598232115161085,-0.012379153924634734,-0.006031748900983347,0.006005326398589306,-0.013639302913784901,-0.031874794396265727,-0.06140731777311803,-0.0596182449602225,-0.019107329761363756,-0.018723536926878892,-0.0281916927904049
2010-10,468882.8763954786,200182.7967290307,325025.2537347345,429198.3718727809,527906.1511484629,722361.1811327542,-0.008480825394701852,0.022904356891698896,-0.0029426397037667362,0.0018151726897119858,-0.0031599870935775654,-0.013992763469080183,-0.04004191773271537,-0.05406992713624348,-0.06169678415542623,-0.031920068619083586,-0.011069397853175067,-0.003379744745120483
2010-11,466566.9863706466,199043.70718754,326857.6424000546,417976.6859206514,526287.2749358952,734743.1651776448,-0.004939165282885405,-0.005690246914836328,0.00563768090099126,-0.0261456862083711,-0.0030665985024910247,0.01714098759497862,-0.038424919787582,-0.08865385400334369,-0.03510780409972791,-0.026044607247196483,-0.01139693299247746,-0.03816264829915317
2010-12,462662.145345917,197860.7942539043,318123.4015455095,421759.1889844435,521614.489959852,740997.5950818148,-0.008369304170243175,-0.005942980817379762,-0.026721849886731097,0.009049555133584963,-0.008878772485259812,0.008512402973708255,-0.05121789031277024,-0.05149319971525623,-0.0623973603973631,-0.02565015736653742,-0.03391449301717642,-0.03214346380793487
2011-01,466211.5324793469,191718.5197342058,321898.2840103593,422201.8943551978,540982.0972096032,745043.5130850003,0.00767166099309069,-0.031043413844869416,0.011866094875481181,0.0010496638421093607,0.03713011740000138,0.005460095997664949,-0.038016238576360606,-0.05038783489505816,-0.06450402661254873,-0.006456165710606365,-0.009549645380984573,-0.026641367175050168
2011-02,463612.4181468436,189364.025415255,321159.2913134799,422302.4161940207,522690.7360849243,744551.3109234652,-0.005574967909268591,-0.01228099571295993,-0.002295733570470526,0.00023808950212411695,-0.0338113982311542,-0.0006606354567092465,-0.031623015656697784,0.008508435198314235,-0.061400787932816225,-0.022188384082064916,-0.028326842087381454,-0.032861325934316565
2011-03,464675.3197086008,195416.7561321747,316656.0102587832,408902.3492256467,526146.3030964567,757926.1249073497,0.0022926511891243617,0.031963466680889896,-0.014021954763566602,-0.03173097395260349,0.0066111120266170165,0.01796358932911657,-0.028245848940760876,0.005548531877063834,-0.07386494780468011,-0.0474505824877991,-0.02557836106622946,-0.015399124827290667
2011-04,459486.5719048162,195569.8133412124,314987.292546565,407373.7178804494,521781.3324081885,740324.569698156,-0.011166394219168985,0.0007832348262613031,-0.005269812219431569,-0.0037383775077158843,-0.00829611585709078,-0.02322331244531961,-0.03915965417678402,-0.007139482646175366,-0.06922269047490104,-0.05754870245885535,-0.026129810217788374,-0.009885272225039987
2011-05,464030.1002786976,197597.2833967402,312650.5423471493,406931.9391484819,523381.1620320791,756913.304443099,0.009888272371151308,0.010366988753987672,-0.007418553874106726,-0.0010844556547880968,0.0030660921051102186,0.022407381064911247,-0.035010500112228726,0.009075638049330426,-0.07094670236542222,-0.05839662357424258,-0.01190372294845421,0.030546655513168375
2011-06,464743.8813020076,198267.0154665443,313502.853693056,408101.4574113101,510013.5208621526,745349.2191866488,0.0015382213845207549,0.0033893789342205327,0.002726083055887729,0.0028739898501835004,-0.02554092913475392,-0.015277952162511377,-0.03425751486408657,0.008975985771416006,-0.06191165722615266,-0.05669253345203662,-0.0510762899815137,0.031406931958192885
2011-07,464536.3812197526,191713.1596976522,311022.4321704937,418356.9751110491,513211.5889385158,740694.6876374491,-0.0004464826555083956,-0.033055703963012495,-0.00791195835490166,0.025129823757043868,0.006270555476562745,-0.0062447661168530955,-0.02159786491751503,-0.0072387884395958,-0.06102664202594166,-0.03473659526481465,-0.011593006453040178,-0.010775508750394236
2011-08,462786.9907853598,189397.1136238955,308369.3458144293,417051.0450959404,521759.973126492,728317.3446480521,-0.003765884665048902,-0.012080788180682589,-0.008530209019168344,-0.0031215686430517975,0.01665664683382717,-0.016710451952715255,-0.024503986245380194,-0.024855380155315854,-0.06574703369131285,-0.03241023581782643,-0.008849101612286026,-0.01942206970659388
2011-09,456772.5128117442,188298.5588683109,303695.9761283197,413374.3726651617,518195.7479311877,746065.6878044135,-0.012996212282045616,-0.005800271897311471,-0.015155104583326362,-0.008815881110987078,-0.006831158729840414,0.024368969497682302,-0.034089902435482045,-0.03782233333694551,-0.0683729808323792,-0.035120481165754724,-0.021496046348384312,0.018363370452734395
2011-10,445966.5244075889,186697.5814486062,299266.2050915183,408953.066487602,511060.6906380739,749554.9725249518,-0.023657265052218546,-0.008502334958518709,-0.014586202600622156,-0.010695646537191017,-0.013769038672353684,0.004676913544713335,-0.04887436317584981,-0.0673645063450593,-0.07925245299320383,-0.047170042367215226,-0.03190995307355604,0.03764569872034684
2011-11,445807.8512833396,181916.0848718588,299647.6458742787,407404.1482376225,505464.6914178695,746967.7764562123,-0.00035579604200119963,-0.025610918682755557,0.00127458689377824,-0.0037875208108421043,-0.010949774308052662,-0.003451642859528037,-0.044493364712298145,-0.08604955443049245,-0.08324723976462045,-0.025294563163831607,-0.03956505222468487,0.016637938068619906
2011-12,449227.8784792125,184322.0631190078,299949.8285679353,403030.7633446839,519526.8149588417,745125.3321489552,0.007671527511298182,0.01322575872740317,0.001008460095773378,-0.010734757885645707,0.027820189579467636,-0.002466564643521907,-0.02903688361333323,-0.06842553718612376,-0.05712743196282699,-0.04440549519467696,-0.004002333219636944,0.005570513446382597
2012-01,447243.2756931197,178705.107298344,296065.1138485595,405281.1551172327,509431.0273884266,722778.9886954825,-0.004417808602643736,-0.030473594563865114,-0.012951215001264726,0.005583672456844546,-0.01943265925785742,-0.029990046626150013,-0.04068594503733669,-0.06787770140257343,-0.08025258737001673,-0.04007736455992705,-0.05832183723623696,-0.029883522235268023
2012-02,449115.5903680496,185619.3455391403,298094.0301574065,400830.4563409737,501022.4039828372,727726.3226814353,0.004186345053546869,0.038690770204195424,0.00685293948507848,-0.010981756047777735,-0.016505911406095142,0.006844877982524089,-0.03126928272702634,-0.019775033129460606,-0.07181875717106256,-0.05084498461212228,-0.04145535898414421,-0.02259748656027738
2012-03,448394.8552806223,182891.785135592,295633.8770172191,412644.217101871,502129.5379865814,733580.459884089,-0.0016047875043408988,-0.014694375716205466,-0.008252943337672236,0.029473211364077878,0.002209749494120672,0.008044421398807122,-0.03503621504621335,-0.06409363886948938,-0.0663879179946214,0.00915100606125252,-0.04564655299967468,-0.032121422158705504
2012-04,449806.5381205511,186991.3393057485,296927.0827660202,407887.572609056,507774.1931564782,730781.315097017,0.003148302937252323,0.022415190311129374,0.0043743489814118686,-0.011527229258711857,0.011241432225896464,-0.003815729753099295,-0.021067065668831653,-0.04386399868622348,-0.05733631231448788,0.001261384095371243,-0.026844845496987846,-0.012890636069298522
2012-05,446552.2667554108,183924.8203977533,294194.7930872533,413384.1036811344,506574.5822267855,722924.3562004844,-0.007234824506414994,-0.016399256347274682,-0.009201887727162905,0.013475603183788598,-0.0023624889682470895,-0.010751450172873489,-0.037665301265563556,-0.06919357778585977,-0.05902996080334244,0.01585563557914349,-0.032111548952278746,-0.04490467804317688
2012-06,444254.985326031,181387.829854407,294411.5398104092,414880.0316326912,516736.2075020302,735670.1735625943,-0.005144484980608377,-0.01379362795004957,0.0007367456129367955,0.003618736033233372,0.020059485082288386,0.017630914289703536,-0.04408642437330368,-0.08513360415709448,-0.06089677863455334,0.016610022087103715,0.013181389051241554,-0.012985920391271888
2012-07,437118.2480267914,175954.1069366778,293224.9823910001,413030.490997475,513983.0123411523,727250.0109792829,-0.01606450694976913,-0.02995638087787167,-0.00403026803967399,-0.00445801314644545,-0.005328047698045402,-0.01144556743755909,-0.05902257455265025,-0.08220120510155782,-0.057222399218258224,-0.01273191181325517,0.001503129351057897,-0.018151441994339046
2012-08,433587.4093837733,176155.9371400368,289993.3774421309,415157.3978608592,498205.7356692644,739743.3684784458,-0.008077536590972212,0.0011470616223334673,-0.01102090593549776,0.005149515374149871,-0.030696105305161092,0.01717890314273074,-0.0630950782605928,-0.06991224011023212,-0.059590775223671955,-0.004540564655929891,-0.04514381836553272,0.015688248967783647
2012-09,438816.040660651,183100.8691079096,292020.2845447208,416107.0267591461,520840.7445124583,738767.7145184361,0.01205900163085638,0.03942491000091497,0.006989494451453027,0.0022873948607924355,0.04543305550825738,-0.0013189086939927597,-0.039311630291759325,-0.027603449498710186,-0.03844532855669325,0.006610603546528759,0.005104242155267169,-0.009781944680306243
2012-10,435528.7172890165,181171.4741377066,291293.216520189,412967.3595454844,508441.4283333732,752637.8884823258,-0.007491347323323239,-0.010537333763642076,-0.0024897860286154927,-0.007545335723155189,-0.02380634831226891,0.01877474298255022,-0.02340491168577663,-0.029599244232420885,-0.026641793946934555,0.009816023859070544,-0.005125149229204928,0.004112995137619979
2012-11,434314.8989136237,185021.8157169873,289785.0320242165,409023.4791273904,510104.4796054846,748817.5260306366,-0.002786999633338394,0.021252471436833842,-0.005177547606461386,-0.009550102028486385,0.0032708807336230272,-0.0050759635013762905,-0.02578005823951135,0.017072326767125556,-0.032914037489886305,0.00397475307203643,0.009179252807154814,0.002476344539519504
2012-12,437171.0404485482,187257.5268381311,291263.0573153315,411938.0968683751,518542.6678807349,759272.6183247913,0.00657619976212831,0.012083500059061114,0.005100419717300797,0.007125795680978264,0.016542078363586343,0.013962136209038079,-0.026839024486816743,0.015925731675583643,-0.028960747515934582,0.022100877485804693,-0.0018943143063457901,0.01898645176246405
2013-01,436997.9992563042,183735.1423928429,286596.48046057,411265.3301388854,521335.2967994197,772586.9430713907,-0.0003958203454339504,-0.01881037576840905,-0.016021863183662388,-0.0016331743400384013,0.0053855335185784,0.017535631373057026,-0.02290761425297627,0.028147125566486464,-0.03198159102538767,0.014765490440634244,0.02336777457788486,0.06891173533669659
2013-02,435873.5618244549,182604.3204719699,282102.9658003153,401220.591926725,534501.8708582108,771422.4765318173,-0.0025730951486342413,-0.006154630552141271,-0.015678889890878844,-0.02442398489745845,0.025255481720925843,-0.0015072304159634564,-0.029484677948371507,-0.01624305407614235,-0.05364436298387876,0.0009733182186622003,0.06682229498966774,0.060044762005276864
2013-03,430514.3189594554,166639.1611328879,280759.6413495812,404674.6490782559,536896.3341453134,772533.0194912067,-0.012295407050079143,-0.0874303482952512,-0.004761823212043104,0.008608873076389134,0.004479803378906633,0.0014396040991471182,-0.0398767651113584,-0.08886470210050579,-0.05031302845841157,-0.01931341260417463,0.06923869943628191,0.05309923278664286
2013-04,435322.3278055116,173307.0555596405,280390.0369719599,417490.961604689,541362.6191989013,775323.5473878387,0.011168057911934426,0.04001397019416819,-0.0013164441151320982,0.031670658282215935,0.008318710278955255,0.003612179448937658,-0.03220097772602326,-0.0731813772601142,-0.055693962436870526,0.023544205905085214,0.06614835195468927,0.06095152047628427
2013-05,433180.3709195047,178135.8914199082,283046.7433905319,410014.8072082879,526579.8086461552,780365.3731418309,-0.0049203928886547565,0.027862892509912696,0.00947503858290677,-0.017907344311516193,-0.027306670295450974,0.006502866797969409,-0.029944749655095304,-0.03147443050549692,-0.03789342965500764,-0.008150522583822983,0.03949117685974546,0.0794564693369062
2013-06,430640.1283748338,176847.3635077372,280918.337278067,405062.4540644073,519938.9694595225,788353.6935108087,-0.005864168173822848,-0.007233398625623666,-0.007519627631003112,-0.012078473891223962,-0.012611268183082003,0.01023664125025947,-0.030646492219340016,-0.025031813602457542,-0.04583109256189932,-0.02366365411622351,0.006198059882381646,0.07161296167967013
2013-07,432908.9343340762,165807.4351015383,283027.850421957,416533.5731029075,534097.5067558031,793146.6857321953,0.005268449941728592,-0.06242631039119717,0.00750934653938895,0.028319383649110685,0.027231152361975264,0.006079748545404495,-0.009629691077223557,-0.05766658142734371,-0.03477579531557706,0.008481412829770774,0.039134551009829766,0.09061075800353557
2013-08,435810.8883951622,169484.461060923,290684.0878073181,419397.2116828584,543843.4729123943,787083.3497925877,0.006703382237998712,0.022176484167509836,0.027051180206989045,0.006874928612881304,0.01824754100761461,-0.00764465898765021,0.005128098656160152,-0.037872558753499486,0.0023818142720346547,0.01021254551609907,0.09160419877908965,0.06399514119540406
2013-09,437552.060831814,169736.0630337064,290690.048782602,417999.7946777278,547304.2520675866,790825.1330077106,0.003995247670528723,0.0014845135135601595,2.0506713418244615e-05,-0.003331965416563887,0.006363557397607744,0.004753985986501785,-0.0028804321440346614,-0.07299149446596409,-0.004555285480228544,0.004548752596954531,0.05080921151800433,0.07046520505191256
2013-10,438339.0446114413,166581.0547453582,288793.099533494,421940.1017851844,549272.8366395743,800306.6634840339,0.0017986060404588944,-0.018587731045238476,-0.006525676599706043,0.009426576657757701,0.0035968742514804752,0.01198941470191106,0.006452679722058097,-0.08053375655186401,-0.00858281911457337,0.021727485314034123,0.08030700495835452,0.06333560365640234
2013-11,441057.3976443221,168796.1167268896,290868.6905066729,428705.2788687819,546393.2267391253,807270.7722535009,0.006201485052033995,0.013297202283401255,0.00718712107918007,0.016033501094052882,-0.0052425856666538095,0.008701800306334606,0.015524447233018712,-0.08769613965369805,0.0037395253815795115,0.048118997431102484,0.07113983229809406,0.07806073467953634
2013-12,439756.8370108476,173888.6635225175,286114.3909423493,421165.4612434901,535901.1749190701,826477.6129442117,-0.0029487332950784984,0.030169810149528464,-0.016345174711110966,-0.01758741493733651,-0.01920238265520202,0.02379231523159797,0.005914839554894247,-0.07139292898581262,-0.01767703196017778,0.022399881062866056,0.03347556163368148,0.08851233798961045
2014-01,447470.4345337577,180317.4792732639,292256.0049080356,429272.0756256239,544435.376551058,832040.521314598,0.017540597152148063,0.036970873319259745,0.021465589149354702,0.01924805124854978,0.015924954135950076,0.006730863949925059,0.02396449250402921,-0.018601031218468456,0.019747361999598034,0.04378376723527255,0.04430944901190137,0.07695389985087209
2014-02,445236.8895070575,170449.7763742752,291420.4795534786,430720.8171702419,559455.7902554059,837023.6568607516,-0.004991491849126173,-0.05472405081725085,-0.0028588817356206553,0.003374879538825315,0.027588974470212912,0.005989053920451237,0.021481751825942474,-0.0665621934151357,0.03302876921811104,0.07352619939533045,0.046686308800244936,0.08503923897040933
2014-03,447119.1038393304,174421.4094419493,288604.7775279789,434316.8970772165,568070.5359645374,837057.6075984788,0.004227444707820105,0.023300899256993635,-0.009661990913658491,0.008348980972408437,0.015398438731322406,4.0561264247340745e-05,0.03856964599925128,0.046701197102494874,0.027942535261431978,0.07324957979571467,0.058063726340859434,0.08352340479863019
2014-04,444165.1350335914,173702.326907868,287290.8914890082,432232.4857746772,559532.5762573844,826142.6780091798,-0.00660667097507972,-0.004122673566174906,-0.004552544314146978,-0.004799286688053295,-0.015029752762403481,-0.013039639673802172,0.02031324070294538,0.0022807573930045955,0.0246116252616293,0.035309804344810125,0.03356337584846658,0.06554570771461421
2014-05,446212.6060154952,172700.085036855,292477.1177777997,429646.1076475314,557691.0345085993,831511.4452468477,0.0046097066618002724,-0.005769881663960752,0.018052177922911694,-0.00598376617275842,-0.0032912145367886003,0.006498595679145236,0.030085008395757118,-0.030514941934075224,0.0333173746297315,0.04787949140888159,0.059081691609922604,0.06554118604609216
2014-06,448144.4674540737,170024.2881789461,292663.5541995227,426274.606308203,563688.1602107723,849135.0437121104,0.004329464054880328,-0.015493894269582253,0.0006374393427408531,-0.007847159043959606,0.010753491325994347,0.021194655306314925,0.040647254925588294,-0.03858171924905507,0.041810075608662345,0.052367609071027,0.08414293469236811,0.07709908725184178
2014-07,450985.1621794598,173151.6389251332,295451.7375153121,429769.8990987347,566951.1243387255,851930.435831483,0.006338792357572176,0.018393552942833846,0.009526923580954527,0.008199627045117897,0.00578859794878972,0.0032920465832526613,0.04175526631990034,0.044293573560783894,0.043896341207527056,0.031777332850327245,0.06151239645824358,0.0741146009391962
2014-08,448732.0298297433,162321.0840290641,294591.452057632,435645.9140001522,565252.715108809,879990.78959043,-0.004996023236835234,-0.06254953729171442,-0.0029117630680223217,0.013672467322025206,-0.002995688970363175,0.03293737678424424,0.029648505300457595,-0.04226568611079895,0.013441961270697078,0.03874299080839094,0.039366551706070396,0.1180401539714
2014-09,447119.3928194869,167872.8053271114,293603.6272177955,432862.3582672438,559934.0842075289,866784.9154363382,-0.0035937639906566954,0.03420209599544832,-0.0033532026572284934,-0.00638949119790766,-0.009409297397636185,-0.015006832242230761,0.02186558547909656,-0.010977382609758002,0.010022972741569491,0.03555638968907826,0.02307643708637319,0.09605130041799903
2014-10,450904.3912899617,169336.2502254531,296749.5466733033,432537.1184297441,572305.5647419185,868593.1955656025,0.008465297035333164,0.008717581716050526,0.010714852147157394,-0.0007513701094307157,0.022094530201530516,0.002086192430280187,0.02866581663894152,0.01653966883753144,0.027550683006837273,0.02511497864205081,0.0419331278845998,0.08532545734942643
2014-11,447902.4390046048,170617.5240409572,295284.2409781943,441522.2710578465,570563.259141564,852098.286892719,-0.00665762486093513,0.007566447312954194,-0.004937853188103358,0.02077313655928892,-0.003044362500896125,-0.018990372889281626,0.015519615807017217,0.010790575929034096,0.015180562967536337,0.02989697776263589,0.044235600332539704,0.055529713424507854
2014-12,453978.7239361224,173368.7764551672,295266.860944895,447269.1787482705,569906.4546584919,870844.5021263552,0.01356609029640743,0.016125262804479235,-5.885865511034982e-05,0.013016121874565911,-0.001151151029353592,0.022000062107854435,0.032340342953949275,-0.00298976975737697,0.03198884883909914,0.06197972034009913,0.06345438549291704,0.05368190074029067
2015-01,453864.3716216485,173918.8018757954,301681.6982170892,454859.5509661531,580026.3851045917,846731.2857446603,-0.00025188914908258475,0.003172574853872012,0.02172555786201613,0.016970479028143748,0.01775717815332345,-0.027689462725913994,0.014289071622246796,-0.03548561916047832,0.03225149578028197,0.05960666158691508,0.06537232899705936,0.017656308862038728
2015-02,460289.2911384103,180521.2974193588,302053.5780469562,452269.146440312,568690.50858686,841576.7541742928,0.014156034089668035,0.03796309238766815,0.0012326893943677142,-0.005694954674116293,-0.019543725611185003,-0.006087564800247525,0.033807624628808375,0.05908790999507363,0.036487135392028414,0.05002852987612427,0.016506609623681223,0.005439627991659757
2015-03,455186.4630432069,176026.7218310733,299357.298814469,448452.3483742294,570231.9253269908,853808.8188069998,-0.011086132554991246,-0.024897758062553788,-0.008926493272885638,-0.008439218319718611,0.002710466794954902,0.014534698792516565,0.01804297587511594,0.009203643029029873,0.037256906758751596,0.03254639962695216,0.0038047904716331793,0.020012017161614937
2015-04,452562.3433049675,174362.7400011372,298636.9365355789,445644.2079040674,582969.3052205783,857420.5648962333,-0.005764933606978384,-0.009453006978866307,-0.0024063628371278067,-0.00626184806555774,0.022337191812407786,0.004230157864005157,0.018905599762442105,0.0038019818446040077,0.03949322927630927,0.03102895448812193,0.041886263566561555,0.03786015142375443
2015-05,457954.2287380049,178120.4341746874,304649.7429674988,446564.8762774249,596563.7361414962,843782.7176794418,0.011914127440788791,0.021551015850781452,0.02013416860510664,0.0020659269368439315,0.02331929108304287,-0.015905668437567688,0.026313964608391194,0.031385908910674054,0.041619068466569153,0.03937838218186118,0.06970293447006726,0.014757791372253637
2015-06,457762.3460130845,175384.394421382,307539.6421294614,447818.5615411747,596544.4596641352,863056.8438032779,-0.00041899978836135165,-0.01536061691059043,0.009485972756165806,0.0028073978280616085,-3.231251950652769e-05,0.02284252298606404,0.021461558174867834,0.0315255326156374,0.05082999818896794,0.050540085930887324,0.05828807800589142,0.01639527209983771
2015-07,466804.0007224695,196394.2096407666,306116.2909358261,456468.4370895416,603746.7163716787,902860.3269528798,0.019751853310203238,0.11979295699995984,-0.004628187715182919,0.019315580664182708,0.012073294103843502,0.04611919068296566,0.03507618402912094,0.1342324615574848,0.03609575462375236,0.062122866321713266,0.0649008185244726,0.05978174857867269
2015-08,465138.8535038649,183981.8773549999,312489.5830353858,452360.8635971211,597040.328599786,902709.1041345063,-0.003567122852476512,-0.06320111121641858,0.020819839676209373,-0.008998592583115972,-0.011107949062142963,-0.00016749303724961084,0.036562631110479415,0.13344411451846483,0.06075577160416845,0.03836820009050523,0.0562361093389141,0.02581653673290152
2015-09,469641.5398365913,197846.4979353068,313314.0907800737,450594.8696932571,608220.3249653702,915170.2835019706,0.009680305781398113,0.07535862107524105,0.0026385127359414007,-0.0039039493598562736,0.018725697126363627,0.013804202605679716,0.05037166219761158,0.17855001916355473,0.06713290210020784,0.04096570442622194,0.08623558043654467,0.05582165448884768
2015-10,472157.150452628,183891.3863846894,316071.3005613222,469465.5282998879,606174.2718550459,921918.1234104678,0.005356448275235515,-0.07053504457370052,0.008800146122964758,0.04187943511091685,-0.0033639998966505935,0.007373316234303484,0.0471336264920057,0.08595404787727179,0.06511131728632602,0.08537627939124959,0.059179412537078147,0.06139229286748171
2015-11,471816.4612248354,182698.0668670778,309921.4236581185,459636.9934850893,615784.490706907,932207.8164504525,-0.0007215589713424064,-0.006489262716825817,-0.0194572455401103,-0.020935583599484886,0.01585388773174312,0.011161178827811646,0.05339114087741037,0.07080481852040377,0.049569806473367395,0.0410278792592762,0.07925717410087052,0.09401442391095838
2015-12,471336.0943279242,178735.78543305,312589.8572974915,450127.517289412,610418.466009084,939122.7013297464,-0.0010181223767907754,-0.02168759364547934,0.008610032852445215,-0.020689101030737178,-0.00871412771644009,0.007417750374185239,0.038233885150626756,0.03095718322307439,0.0586689488185721,0.006390645000714956,0.0710853702733869,0.0784045820312067
2016-01,464101.6565967546,177241.4712598301,307553.9143784949,452076.5103736472,621801.0796054505,934473.6207978479,-0.015348787878180947,-0.008360464411753976,-0.016110384906711572,0.004329868780233115,0.018647230105579782,-0.004950450591084343,0.022555824195956475,0.019104716386026954,0.01946494002158561,-0.006118461372514927,0.07202205895051805,0.10362477037330953
2016-02,471736.7508832422,179240.0676355349,309404.0304537629,452890.7843857489,635138.3113549169,940853.2615945206,0.01645134030004436,0.01127612156172475,0.00601558292310056,0.001801186289083434,0.021449354442950153,0.0068269886433240945,0.024870141376783783,-0.007097388519469505,0.02433492910209467,0.0013744867416440876,0.11684352343627658,0.1179648878463051
2016-03,468098.5036003285,177680.8929326912,312171.2572643536,448825.3311414916,631996.3061846745,932984.4728483565,-0.0077124524983513965,-0.008698806708855478,0.008943732266617044,-0.00897667469602248,-0.004946962124737331,-0.008363460134929501,0.028366486276407477,0.00939727266639312,0.042804897360549266,0.0008317110359983282,0.10831449119981462,0.0927322982585097
2016-04,470859.8708258127,176063.7914378318,318727.4624494277,450408.6928920065,624897.8242665796,945569.6435747554,0.005899115686645917,-0.009101155831493957,0.0210019501555907,0.0035277905248527475,-0.011231840832975792,0.013489153456088143,0.040430954522689966,0.00975581960161609,0.06727408252614198,0.010691230590311518,0.0719223442306911,0.10280728301541275
2016-05,474193.979892499,176671.2124784541,316826.6452975082,456561.2213568331,626588.1894025026,959578.7375750312,0.007080894493809442,0.0034500054534880586,-0.005963769602128521,0.013659879487054605,0.002705026438373226,0.014815507345724344,0.0354615158795375,-0.00813619000508381,0.039970171027876145,0.02238497833223696,0.050328994945621375,0.1372344058124939
2016-06,471206.4823094781,177732.7443013766,313091.7548870801,457006.2694121349,623700.9446882078,933581.2634402718,-0.006300159237993985,0.006008516090599381,-0.01178843530322693,0.0009747828647801438,-0.004607882438780075,-0.027092590859670418,0.029369248942133996,0.013389731097468216,0.018053323855015346,0.020516585644285268,0.045522985896746304,0.08171468674787419
2016-07,470694.5575511081,187012.6897339392,316816.4648454771,451121.7662798777,618485.1681886131,950094.1661690449,-0.0010864128096474968,0.052212919285299586,0.01189654438437815,-0.012876197825090419,-0.008362624017191567,0.017687697231543176,0.008334454766063093,-0.0477688213109112,0.03495460459467736,-0.011713122694209543,0.02441164716473776,0.052315776655706525
2016-08,472139.3855070162,184394.396306189,317720.1083351737,452850.8809555464,625893.5149039513,959241.0389589615,0.0030695658845623086,-0.014000619056788066,0.002852261766563613,0.0038329222948554342,0.011978212407316668,0.009627332864065918,0.015050413334462887,0.002242171659076808,0.01673823891657711,0.0010832443693928884,0.0483270307247643,0.06262475316304306
2016-09,473655.8578548829,185772.3536600049,316283.5711270422,463191.4041276798,627124.173419103,952755.2131681427,0.0032119166382151842,0.007472880854404007,-0.004521392163872928,0.0228342785826412,0.001966242636881388,-0.006761414000653776,0.008547621276619566,-0.061027839265823,0.00947764698221909,0.027955343661586474,0.03108059313014433,0.0410687828743197
2016-10,482536.3188642329,184429.8185500742,318920.6013358549,473363.1141859284,645859.8120743858,953310.1567613576,0.01874876212777843,-0.007226775585713718,0.008337550380552283,0.021960057910411335,0.0298754847116407,0.0005824618806016257,0.021982444619667474,0.0029279901357557314,0.009014740564779355,0.008302176946101136,0.06546886277091923,0.03405078233494385
2016-11,481950.0554207925,179471.766280155,319763.965471228,481384.1648609106,658420.7487237253,964223.0454869926,-0.0012149623158321798,-0.02688313803536635,0.0026444329147772283,0.01694481558576122,0.01944839485986294,0.011447364373740498,0.02147783095496547,-0.017659193894318137,0.03175818469383063,0.047313796939903785,0.06923892800202358,0.03434344624833097
2016-12,484724.0636399893,190082.7089618759,317617.2995247327,482001.7292894642,645537.3278672142,970387.9217967774,0.0057558001871684805,0.05912318634652136,-0.006713282853281544,0.0012828931103954222,-0.019567155016733895,0.006393620582539672,0.02840429467035599,0.06348434087406729,0.016083190512661272,0.07081151623876059,0.05753243686701892,0.03329194409075753
2017-01,493385.6923495459,192637.5375374371,318496.9700679711,496848.6816939748,643184.537881007,970278.7718247328,0.017869194783755704,0.013440615348519813,0.002769592665622156,0.03080269530650237,-0.003644700135282064,-0.00011248076113989924,0.06309832196577436,0.086864920315612,0.03558093452196798,0.09903671235500111,0.03438954832488372,0.03831584993947157
2017-02,487990.4569598255,186131.5393269136,317936.3067235844,482975.2919791617,642210.5021426338,988439.0555238653,-0.010935127372720954,-0.03377326295639105,-0.001760341218527195,-0.02792276647995262,-0.0015143954510818958,0.01871656293683488,0.03445503460595578,0.03844827656164318,0.027576487149531648,0.06642773187406781,0.011134883003089513,0.050577274769392
2017-03,483538.6848242691,188521.3535381283,321115.9910541163,484091.5907283891,644141.2694390744,993427.3549624651,-0.009122662281739857,0.012839383480396371,0.010001010464326443,0.0023112957697131176,0.0030064399289624344,0.005046643402770057,0.03298489763411783,0.061010840425839596,0.028653290723008595,0.07857457487349317,0.01921682632564492,0.06478444590785037
2017-04,486826.4291523648,190671.4528317942,324640.9001113477,477500.1802866287,651760.9758510236,983723.6655085059,0.006799340841344481,0.011405070318631028,0.010977058618788726,-0.013616039956080628,0.011829247361505812,-0.009767890329863027,0.033909363094691614,0.08296800423680728,0.01855327312078825,0.06014867790555245,0.042988070275284285,0.04035030332563139
2017-05,491799.1655171728,187013.8651854602,328785.0097820039,473911.013721145,651710.4860693509,1001696.617693604,0.010214598195636748,-0.01918267046279143,0.01276521125106167,-0.00751657635674452,-7.746671485941992e-05,0.018270326124366854,0.03712654814526517,0.05854181086954058,0.03774418806621038,0.03800102057014576,0.04009379220952791,0.04389205228224369
2017-06,494393.142468538,184925.7542988468,327497.975996376,480943.446313523,660743.265258022,981187.0597319744,0.005274463913816252,-0.011165540504403992,-0.003914514796405144,0.014839141502872799,0.013860110251026292,-0.020474820019710793,0.0492070059083598,0.040470933061570236,0.04601277703557427,0.052378224334163725,0.05939115674793771,0.050992664651681174
2017-07,496827.3460581132,186569.6210719373,326265.5621958834,499483.6864967283,653874.5344065386,977137.3908710412,0.004923619242413135,0.008889333880633732,-0.0037631188307136743,0.03854973037956544,-0.010395461009808593,-0.004127315806671361,0.05551963176070407,-0.0023691903615323806,0.029825146098436006,0.1072036949483981,0.05721942584584849,0.028463730927892783
2017-08,502037.0329311062,182490.7894476138,333575.3393865586,495138.4836073575,661449.7050426832,990970.3233382566,0.010485910073846139,-0.021862249603598616,0.022404378634011568,-0.008699389002766234,0.011585052234860171,0.014156589028779587,0.06332377332169359,-0.010323561326745834,0.04990314001359564,0.09338085544314567,0.05680868916526194,0.033077488442039504
2017-09,513183.3940491948,196271.2465260917,332973.0953227741,495997.3495613126,671302.8221207575,1017038.0147740047,0.022202268731076336,0.07551316491199556,-0.0018054214226149723,0.0017345974558427013,0.0148962453274335,0.026305219058361473,0.08345201592845553,0.05651482935561858,0.05276759755892657,0.07082589430910446,0.07044641328493362,0.0674704275740523
2017-10,509179.636912566,195701.0190026289,327679.2192812722,495543.7754894907,668641.4306095071,1001694.4201446039,-0.007801805715180632,-0.002905303418384353,-0.015898810191766866,-0.000914468741058827,-0.003964517090577102,-0.015086549771505142,0.05521515584784309,0.06111376425550441,0.02746331816988401,0.04685760389612903,0.03527331800062128,0.05075395771258773
2017-11,519131.3885320242,206951.9747213742,328546.621423371,508656.2350318184,665620.4661196036,1030125.184014065,0.01954467715912811,0.05749053211927402,0.0026471075706338,0.026460749162625197,-0.004518063571307129,0.02838267169877695,0.0771476892533367,0.15311716717783153,0.027466059032637435,0.05665344263824634,0.010934827630863841,0.06834740036086528
2017-12,520153.8539917249,209853.2628901817,333854.790982072,514674.4569528851,671005.646634995,1004230.9915533125,0.0019695697125770018,0.01401913739993832,0.01615651847431665,0.011831609457594094,0.00809046714982431,-0.025136937590294783,0.07309269955710263,0.10401027024647003,0.05112281818917386,0.06778549884371765,0.03945289864480084,0.03487581512130844
2018-01,528656.6106024919,221450.561937154,332703.6996985859,511840.3460366626,672452.0914964346,1013599.3906892489,0.016346618496654086,0.055263849068867055,-0.0034478800801391873,-0.005506608843582006,0.0021556373909719095,0.009328928518174573,0.07148751737202352,0.1495711831040063,0.04460554091796509,0.03017350129937868,0.045504131227797506,0.04464760038297677
2018-02,529362.235090167,212268.2280322294,326894.6149871206,516789.5944881588,683590.3802040699,1008132.766515726,0.00133475014503448,-0.041464486811871204,-0.017460234787674556,0.00966951607043054,0.016563691077008613,-0.005393278867112938,0.08477989177921064,0.1404205262570275,0.028176424252561283,0.07001248939760685,0.06443351194566072,0.019924051849026903
2018-03,528649.08903266,217991.9101212207,331188.2174171536,509571.6271907628,683650.8250110804,1012343.446963639,-0.0013471797008443032,0.02696438436430637,0.0131345156303726,-0.013966936204559022,8.842255356555917e-05,0.004176712222603296,0.09329223415658094,0.15632476655824545,0.03136631822654978,0.052634742991579664,0.061336786581631886,0.019041243334686042
2018-04,529565.0189258537,217149.2369971439,333369.2993472263,509971.8024748078,673723.8129943869,992432.2888490964,0.0017325857779677545,-0.0038656164974572027,0.006585626587450433,0.0007853170441438628,-0.014520588074376395,-0.019668382478557955,0.0877902003962745,0.13886601151934252,0.026886320340058223,0.06800337157713177,0.03369768666294548,0.008852713059504191
2018-05,535788.8011493146,214191.3856967074,338799.8503506618,514647.1095041177,682241.3733142518,1034743.9208196575,0.011752630934884989,-0.013621283414757657,0.016289895362497697,0.009167775564494773,0.012642510410918018,0.04263427585536239,0.08944634053187683,0.14532355921468976,0.030460149552737015,0.08595726751128496,0.046847316250872906,0.03299132945276839
2018-06,530556.2682375081,216185.9827692941,333221.051228898,519705.8844110851,687148.365584442,1051213.881654955,-0.009766036357203078,0.009312218911599945,-0.01646635651104822,0.009829599377021214,0.007192457775395011,0.015916943800212024,0.07314649549628705,0.1690420492752438,0.017475146877198755,0.08059666556365386,0.039962723367462205,0.07136949191126662
