,NYC_All,NYC_Q1,NYC_Q2,NYC_Q3,NYC_Q4,NYC_Q5,NYC_All_MoM,NYC_Q1_MoM,NYC_Q2_MoM,NYC_Q3_MoM,NYC_Q4_MoM,NYC_Q5_MoM,NYC_All_YoY,NYC_Q1_YoY,NYC_Q2_YoY,NYC_Q3_YoY,NYC_Q4_YoY,NYC_Q5_YoY
1995-01,,,,,,,,,,,,,,,,,,
1995-02,,,,,,,,,,,,,,,,,,
1995-03,,,,,,,,,,,,,,,,,,
1995-04,,,,,,,,,,,,,,,,,,
1995-05,,,,,,,,,,,,,,,,,,
1995-06,,,,,,,,,,,,,,,,,,
1995-07,,,,,,,,,,,,,,,,,,
1995-08,,,,,,,,,,,,,,,,,,
1995-09,,,,,,,,,,,,,,,,,,
1995-10,,,,,,,,,,,,,,,,,,
1995-11,,,,,,,,,,,,,,,,,,
1995-12,,,,,,,,,,,,,,,,,,
1996-01,,,,,,,,,,,,,,,,,,
1996-02,,,,,,,,,,,,,,,,,,
1996-03,,,,,,,,,,,,,,,,,,
1996-04,,,,,,,,,,,,,,,,,,
1996-05,,,,,,,,,,,,,,,,,,
1996-06,,,,,,,,,,,,,,,,,,
1996-07,,,,,,,,,,,,,,,,,,
1996-08,,,,,,,,,,,,,,,,,,
1996-09,,,,,,,,,,,,,,,,,,
1996-10,,,,,,,,,,,,,,,,,,
1996-11,,,,,,,,,,,,,,,,,,
1996-12,,,,,,,,,,,,,,,,,,
1997-01,,,,,,,,,,,,,,,,,,
1997-02,,,,,,,,,,,,,,,,,,
1997-03,,,,,,,,,,,,,,,,,,
1997-04,,,,,,,,,,,,,,,,,,
1997-05,,,,,,,,,,,,,,,,,,
1997-06,,,,,,,,,,,,,,,,,,
1997-07,,,,,,,,,,,,,,,,,,
1997-08,,,,,,,,,,,,,,,,,,
1997-09,,,,,,,,,,,,,,,,,,
1997-10,,,,,,,,,,,,,,,,,,
1997-11,,,,,,,,,,,,,,,,,,
1997-12,,,,,,,,,,,,,,,,,,
1998-01,,,,,,,,,,,,,,,,,,
1998-02,,,,,,,,,,,,,,,,,,
1998-03,,,,,,,,,,,,,,,,,,
1998-04,,,,,,,,,,,,,,,,,,
1998-05,,,,,,,,,,,,,,,,,,
1998-06,,,,,,,,,,,,,,,,,,
1998-07,,,,,,,,,,,,,,,,,,
1998-08,,,,,,,,,,,,,,,,,,
1998-09,,,,,,,,,,,,,,,,,,
1998-10,,,,,,,,,,,,,,,,,,
1998-11,,,,,,,,,,,,,,,,,,
1998-12,,,,,,,,,,,,,,,,,,
1999-01,,,,,,,,,,,,,,,,,,
1999-02,,,,,,,,,,,,,,,,,,
1999-03,,,,,,,,,,,,,,,,,,
1999-04,,,,,,,,,,,,,,,,,,
1999-05,,,,,,,,,,,,,,,,,,
1999-06,,,,,,,,,,,,,,,,,,
1999-07,,,,,,,,,,,,,,,,,,
1999-08,,,,,,,,,,,,,,,,,,
1999-09,,,,,,,,,,,,,,,,,,
1999-10,,,,,,,,,,,,,,,,,,
1999-11,,,,,,,,,,,,,,,,,,
1999-12,,,,,,,,,,,,,,,,,,
2000-01,,,,,,,,,,,,,,,,,,
2000-02,,,,,,,,,,,,,,,,,,
2000-03,,,,,,,,,,,,,,,,,,
2000-04,,,,,,,,,,,,,,,,,,
2000-05,,,,,,,,,,,,,,,,,,
2000-06,,,,,,,,,,,,,,,,,,
2000-07,,,,,,,,,,,,,,,,,,
2000-08,,,,,,,,,,,,,,,,,,
2000-09,,,,,,,,,,,,,,,,,,
2000-10,,,,,,,,,,,,,,,,,,
2000-11,,,,,,,,,,,,,,,,,,
2000-12,,,,,,,,,,,,,,,,,,
2001-01,,,,,,,,,,,,,,,,,,
2001-02,,,,,,,,,,,,,,,,,,
2001-03,,,,,,,,,,,,,,,,,,
2001-04,,,,,,,,,,,,,,,,,,
2001-05,,,,,,,,,,,,,,,,,,
2001-06,,,,,,,,,,,,,,,,,,
2001-07,,,,,,,,,,,,,,,,,,
2001-08,,,,,,,,,,,,,,,,,,
2001-09,,,,,,,,,,,,,,,,,,
2001-10,,,,,,,,,,,,,,,,,,
2001-11,,,,,,,,,,,,,,,,,,
2001-12,,,,,,,,,,,,,,,,,,
2002-01,,,,,,,,,,,,,,,,,,
2002-02,,,,,,,,,,,,,,,,,,
2002-03,,,,,,,,,,,,,,,,,,
2002-04,,,,,,,,,,,,,,,,,,
2002-05,,,,,,,,,,,,,,,,,,
2002-06,,,,,,,,,,,,,,,,,,
2002-07,,,,,,,,,,,,,,,,,,
2002-08,,,,,,,,,,,,,,,,,,
2002-09,,,,,,,,,,,,,,,,,,
2002-10,,,,,,,,,,,,,,,,,,
2002-11,,,,,,,,,,,,,,,,,,
2002-12,,,,,,,,,,,,,,,,,,
2003-01,,,,,,,,,,,,,,,,,,
2003-02,,,,,,,,,,,,,,,,,,
2003-03,,,,,,,,,,,,,,,,,,
2003-04,,,,,,,,,,,,,,,,,,
2003-05,,,,,,,,,,,,,,,,,,
2003-06,,,,,,,,,,,,,,,,,,
2003-07,,,,,,,,,,,,,,,,,,
2003-08,,,,,,,,,,,,,,,,,,
2003-09,,,,,,,,,,,,,,,,,,
2003-10,,,,,,,,,,,,,,,,,,
2003-11,,,,,,,,,,,,,,,,,,
2003-12,,,,,,,,,,,,,,,,,,
2004-01,,,,,,,,,,,,,,,,,,
2004-02,,,,,,,,,,,,,,,,,,
2004-03,,,,,,,,,,,,,,,,,,
2004-04,,,,,,,,,,,,,,,,,,
2004-05,,,,,,,,,,,,,,,,,,
2004-06,,,,,,,,,,,,,,,,,,
2004-07,,,,,,,,,,,,,,,,,,
2004-08,,,,,,,,,,,,,,,,,,
2004-09,,,,,,,,,,,,,,,,,,
2004-10,,,,,,,,,,,,,,,,,,
2004-11,,,,,,,,,,,,,,,,,,
2004-12,,,,,,,,,,,,,,,,,,
2005-01,,,,,,,,,,,,,,,,,,
2005-02,550232.5412258153,241903.1218055439,397069.6382373049,470325.5467332134,665966.4001938185,1448314.7907714045,,,,,,,,,,,,
2005-03,556421.8193110614,239850.1445312046,399994.9702664046,472631.0523467787,669499.8513207191,1439408.5846534248,0.011248477001119417,-0.008486774618764903,0.007367302224582151,0.0049019357540300845,0.005305749848449226,-0.006149357981241166,,,,,,
2005-04,557606.5840765511,241259.6940090748,396142.249126128,481013.7738886269,668236.6979088854,1458204.9107965862,0.0021292564819916926,0.0058767922805518236,-0.009631923965720546,0.01773629028440915,-0.0018867120124700376,0.01305836740419819,,,,,,
2005-05,565896.4551259223,241230.1739570604,402131.1954682571,488697.6864107902,686723.2177141614,1489401.3221877504,0.014866881572246804,-0.0001223579932637664,0.015118171200725117,0.015974412666075688,0.027664628212018094,0.02139370890893666,,,,,,
2005-06,579007.1863840488,249164.7644677242,415895.2341111264,502095.2516885014,694217.4891860964,1501888.3770117022,0.02316807454679859,0.03289219744158611,0.03422773164076931,0.02741483262609412,0.010913088823297112,0.008383942351823492,,,,,,
2005-07,587072.3911005828,253670.9415866884,420088.6056430361,509647.4126527067,702626.6908328945,1522681.480416312,0.01392936893737362,0.018085129848076642,0.010082759281605957,0.01504129134622989,0.012113209156769056,0.01384463967021432,,,,,,
2005-08,591644.9708906017,249658.0141597234,422005.766071505,518381.298819223,714751.8179922639,1552737.9255248688,0.007788783562869828,-0.015819421025776603,0.0045637049010989195,0.01713711469868273,0.017256855336645893,0.01973915457377151,,,,,,
2005-09,598039.5272748668,238752.2733764324,424476.4255567042,528368.3931438783,721696.8987655808,1569550.8548446142,0.010808097252376525,-0.0436827186180927,0.005854563334996232,0.019265923264215168,0.009716772449527511,0.010827924689262858,,,,,,
2005-10,601716.9643269348,231670.1313682434,420773.9251762907,532120.2175512157,724968.4560336733,1593082.807622417,0.006149153834070553,-0.02966313957154587,-0.008722511210269679,0.007100773732912735,0.0045331458035751115,0.014992794088301453,,,,,,
2005-11,606124.2016521329,239320.8036489064,418209.6113348099,533503.4213237086,734076.8203726744,1592030.7038486046,0.007324435883452107,0.03302399077290685,-0.006094279345865816,0.002599419692900229,0.012563807794939486,-0.0006604200163221607,,,,,,
2005-12,606041.7507578202,245416.4024746414,415144.7009158768,534327.9713260629,732679.2551245124,1587828.2265590625,-0.00013602970164849904,0.025470409311667996,-0.007328646534810135,0.0015455383590763372,-0.0019038405918504475,-0.0026396961311003775,,,,,,
2006-01,608945.6726246978,251377.0586913057,423714.1808615145,527809.4384464982,734618.8292723692,1600589.2469969494,0.004791620153638654,0.024287929236026518,0.02064215182497109,-0.012199497741784637,0.002647234972589896,0.00803677641223266,,,,,,
2006-02,610200.9462479526,263086.5408249148,423754.5925061956,529659.4641635632,733812.2368950254,1610806.794700519,0.0020613885272298127,0.046581347536524875,9.537477504029113e-05,0.003505101618701989,-0.0010979740039371855,0.0063836163604995555,0.10898738356793469,0.08756984556982861,0.06720472103420483,0.12615499592244395,0.10187576532609066,0.11219384415909173
2006-03,611315.989372643,255175.5985809872,429078.9098200419,530976.1766162651,741974.2813698354,1613402.3183101355,0.0018273375869810593,-0.030069733780841323,0.012564624450101869,0.002485960398689757,0.011122796901487986,0.0016113190099245056,0.09865567480719806,0.06389595503365952,0.07271076317351399,0.12344750515181446,0.10825159991618571,0.12087862717492692
2006-04,612933.2984265379,260055.815484248,430402.030188105,532809.495057266,735756.8870237493,1635503.3148656306,0.0026456187667440734,0.019124935653719755,0.0030836294625107286,0.0034527320089650093,-0.008379528107911649,0.013698379074255529,0.09922177379166519,0.07790825381079292,0.08648353246227236,0.10768032846525477,0.1010423242634757,0.12158675557620358
2006-05,616125.9866049383,267624.8742561199,430352.8225802742,532449.1018487762,732108.1642315554,1639932.706820221,0.005208867239871573,0.029105516282254884,-0.00011432940455535778,-0.0006764016254083849,-0.00495914188034785,0.0027082745197335445,0.08876099333020027,0.10941707608998286,0.0701801487426379,0.0895265450493854,0.06608913947669226,0.10106838391371786
2006-06,620188.0295359478,276327.9159672193,435614.2832576471,531610.4072370641,736713.5575480233,1634716.3179670307,0.006592877137665987,0.032519554601529554,0.012225923477919176,-0.0015751639148230412,0.006290591392737577,-0.0031808554286990587,0.07112319867578343,0.10901682490107345,0.04741350111564846,0.058783976644483094,0.06121434424210426,0.08844062114630336
2006-07,628965.6266184412,282513.7229911109,442181.5622164432,540638.7320647021,749744.62152346,1652246.4109155838,0.01415312238299915,0.02238574775277291,0.015075903640450194,0.01698297231342938,0.01768810121915987,0.010723629999824125,0.07135957362825618,0.11370155849942276,0.05259118261393714,0.060809333359873374,0.06705969372542886,0.08508997591791001
2006-08,635075.6880317582,287197.7334499956,437588.4356408737,546271.7351765615,764331.7857709975,1659207.307474666,0.009714459987530732,0.016579762601592662,-0.010387422199483742,0.010419163070960469,0.019456177248589945,0.004212989365929287,0.07340672071593923,0.15036456737277204,0.03692525273867564,0.05380293699033478,0.06936668999038509,0.06856880365938611
2006-09,640719.1042042146,287844.3254404355,438445.3663215932,554027.8290380661,772987.5536096393,1691559.163281726,0.008886210382177628,0.002251382636877519,0.0019583028501757305,0.014198233886286937,0.01132462106087928,0.019498380739595422,0.07136581276463305,0.20561920257237243,0.03290863737972871,0.04856353299543503,0.07106952369033048,0.07773453664181562
2006-10,640574.971396597,286163.82706596,438702.0329519251,553871.8943317699,777969.8019415747,1702062.9856551497,-0.00022495475267070297,-0.005838219572000147,0.0005854016259432271,-0.00028145645060273505,0.006445444443017978,0.00620955069230078,0.06457854668120877,0.2352210678859501,0.04260745902475582,0.04087737331359831,0.07310848557173588,0.0684083573755836
2006-11,641604.8393432756,288357.693804598,437872.5495556514,556607.7377456478,777886.8477874734,1709162.4437856127,0.0016077242987395657,0.0076664711998428725,-0.0018907671585024488,0.004939487708035095,-0.00010662901554059356,0.004171090136085853,0.05853690975287229,0.20490024021326092,0.04701694482363239,0.04330678210950101,0.05968043970187975,0.07357379455927049
2006-12,641157.2268643447,286749.2059359314,438358.3410983196,555419.8335958129,779350.3293772211,1705365.9342202495,-0.0006976451103285486,-0.0055780993648693045,0.0011094359378345242,-0.0021341854761957046,0.001881355358957837,-0.0022212690076165442,0.057942338234312496,0.1684190748642438,0.05591698540588319,0.03947362556634548,0.06369918886918313,0.07402419587659037
2007-01,636443.780805193,283095.2146004366,439122.1252357692,552554.9639878125,778715.1623310542,1683458.8716163528,-0.007351466787956729,-0.012742812394435088,0.0017423739115718373,-0.005158025397568378,-0.0008149955446536961,-0.01284596001614946,0.045156915331989955,0.12617760775091758,0.036364004487474455,0.04688344644640652,0.060026140498415925,0.0517744479259028
2007-02,629587.9330946275,275044.4178820744,436047.719773471,549554.825544079,773277.2288876723,1679812.0766047768,-0.01077211831953473,-0.028438476890982334,-0.007001253832626841,-0.005429574683541771,-0.0069832124844001475,-0.002166251325210311,0.03177147948701631,0.045452256963299575,0.02901001543032411,0.03756255240701578,0.05378077661887315,0.042838956311385123
2007-03,623422.9120895701,269039.2582056748,433320.5636961577,543955.8128642588,770005.1389945359,1667965.4690546037,-0.009792152423815259,-0.02183341775354386,-0.006254260608747342,-0.010188269522111715,-0.004231457711283193,-0.007052340982163563,0.01980468845474137,0.05432987990145777,0.009885486746236793,0.02444485613405223,0.03777874560955108,0.03381868869608251
2007-04,626900.3985133517,277401.3798677169,436788.7224924664,548478.4385207009,769239.6918816047,1669903.1656961222,0.00557805360750363,0.031081418071891243,0.008003679231665783,0.008314325446083126,-0.0009940805251387186,0.0011617126837863978,0.02278730837869114,0.06669939047957785,0.01483889911385905,0.02940815358733584,0.0455079734194519,0.021033189304980215
2007-05,627951.17654953,274175.1749912407,441653.7550910533,556237.1464652967,774515.2198548976,1656164.2195554208,0.0016761482983105314,-0.011630096714063454,0.011138182714117262,0.014145875935473118,0.006858106815040399,-0.008227390918786659,0.019192811538030652,0.024475679823588115,0.026259691857071887,0.04467665460214576,0.05792457685245722,0.00989766998834507
2007-06,630490.7979367761,276695.3243807185,447089.2882853802,556281.4566992829,778148.8901616628,1676311.288819181,0.004044297521983875,0.009191748996087323,0.012307227396280762,7.966068837306217e-05,0.004691541513472064,0.012164898278727687,0.016612330309788925,0.0013296101923441217,0.026342122994498007,0.04640813860368431,0.05624347779284422,0.025444763959950434
2007-07,632945.424504681,275181.2730158683,448185.177767654,556525.4724338247,778317.2711610805,1695729.6956510479,0.0038931996722830764,-0.005471908020993288,0.002451164702417019,0.00043865516565966267,0.00021638660871525772,0.01158401005910159,0.00632752843368678,-0.02595431435191997,0.013577263423462549,0.029385131746760162,0.038109842761608004,0.02631767540736729
2007-08,635219.906552197,273106.4572340575,452481.1566272556,561287.2972777087,777204.1571127069,1696767.0829764819,0.003593488410625456,-0.007539814606828954,0.00958527651672747,0.008556346617989208,-0.0014301546292465606,0.0006117645566356966,0.00022708871266319264,-0.049064719441428095,0.03403362560203549,0.027487349489707658,0.016841339823025603,0.022637180617883335
2007-09,634898.4967668372,271598.2232722035,457449.4738312471,561495.4273789243,771540.5221114429,1697513.9155860012,-0.000505981915938758,-0.005522513005107643,0.010980163773061324,0.0003708085007894102,-0.007287190822941936,0.00044015034061684055,-0.009084491783036164,-0.05644058517871953,0.04334430004151235,0.013478742311237246,-0.0018719984447863602,0.003520274332422746
2007-10,634515.9854715992,275698.296008639,451179.7594390669,560525.6994167265,767602.5773393817,1702539.1248636895,-0.0006024762968978026,0.015096095574698376,-0.013705807418838645,-0.0017270451635279516,-0.005104002523787621,0.0029603346585547197,-0.009458667908594509,-0.03657181679677746,0.028442372156750828,0.012013256410102091,-0.013325998742264256,0.0002797424140896787
2007-11,638083.2982626582,273680.6596118062,453919.7197902843,568398.4771708772,767666.9180699897,1677385.0059657441,0.00562210073936531,-0.007318276630804976,0.006072879587115887,0.01404534664930246,8.382036812726312e-05,-0.014774473332563987,-0.005488644824160005,-0.05089870847260103,0.036648038912047376,0.021183211489268494,-0.013138067247893459,-0.018592403510508282
2007-12,635850.9990720942,273319.1847214651,451188.5657006233,562062.1789525321,774892.3876289331,1668365.0977858307,-0.0034984447902679516,-0.0013207907743785219,-0.006016821853262466,-0.011147634050469368,0.009412245583161338,-0.005377363066817353,-0.008276016505656791,-0.0468354259975422,0.0292688045359355,0.01195914325514158,-0.005720074246777229,-0.02169671370346493
2008-01,630612.0071595355,268717.588063641,450030.7931910647,558476.3483838263,770339.8079882999,1675637.952264789,-0.008239338964952436,-0.016835981208247475,-0.0025660502006756847,-0.006379775588865266,-0.0058751120972596604,0.004359270335138499,-0.0091630617213031,-0.05078724681760649,0.024841991164618493,0.010716371731201102,-0.010755350284541887,-0.004645744237312233
2008-02,627453.4085671226,268492.4986805697,443649.4611199058,554388.8864101692,773005.1873769573,1693643.3131024435,-0.0050087828277171065,-0.0008376429123723161,-0.014179767624144746,-0.007318952692420777,0.003460004742086298,0.01074537659720498,-0.0033903517130846605,-0.023821313124463672,0.01743327851911247,0.008796321388506279,-0.0003518033385081498,0.008233799893629934
2008-03,623638.7017967997,270153.0244275838,442727.2679096903,545812.7981016769,769991.3891584603,1702642.54998817,-0.006079665387481725,0.006184626219258638,-0.002078652835253436,-0.015469444858508985,-0.003898807236628943,0.0053135372814960835,0.00034613695301355385,0.004139790710608882,0.02170841866652906,0.0034138530989125115,-1.78568107915833e-05,0.02079004726232192
2008-04,615204.646194338,260857.9121713888,440714.6172437898,545509.534541202,768220.4890146068,1682066.7760082884,-0.013523945159532036,-0.03440684136662919,-0.004546028247600642,-0.0005556182660604314,-0.0022998960362257126,-0.012084611640901688,-0.018656476127227428,-0.05963729417718511,0.008988086342799573,-0.005412982117412479,-0.0013249483584302224,0.007284021350480785
2008-05,619241.1288464075,263986.3938579543,439336.1354436744,547037.5430148705,768300.1963637087,1714080.3086177965,0.006561203133037541,0.011993048861443034,-0.0031278331740760557,0.002801066483564929,0.00010375582302435404,0.01903226023254523,-0.013870581071258603,-0.03716157428772293,-0.005247594117933185,-0.016538995119054323,-0.0080244045976956,0.03497001588279858
2008-06,619236.1237929284,261595.0214201781,439665.808570519,549677.7261407021,768122.9802194963,1710311.4058691992,-8.08255983975048e-06,-0.009058695801810734,0.0007503892811175916,0.004826328941302416,-0.00023066002722782475,-0.002198790062314271,-0.017850655680745176,-0.054573755426973514,-0.016604020515299744,-0.01187120382865936,-0.012884307963330288,0.02028269885002576
2008-07,616224.1895325235,258758.8184829543,437897.3912243195,549109.7130893173,767155.520380727,1696700.7303056973,-0.004863951156396151,-0.010841960683449892,-0.004022185286477242,-0.0010333565003131095,-0.0012595116455086375,-0.007958010171010277,-0.02641813073416699,-0.05967867781455838,-0.022954321235201247,-0.01332510318364477,-0.0143408751082994,0.0005726352832882142
2008-08,612349.9510609156,256561.229191573,436369.4199789094,544527.1997713333,760357.8446192667,1690994.3218028499,-0.006287060030127911,-0.00849280926642526,-0.0034893362601180478,-0.008345351045062843,-0.008860883589922874,-0.003363238077830788,-0.03600320968436477,-0.06058160693104708,-0.03560753063937794,-0.02986010477640111,-0.021675530604498894,-0.0034022119073087165
2008-09,609869.9730438541,253186.2706878171,436217.3430538598,544738.175543708,755675.4693867232,1690039.4988261485,-0.004049935845940489,-0.013154592821333244,-0.00034850500077898694,0.0003874476288114881,-0.0061581205029692665,-0.0005646517935574691,-0.03942129938949068,-0.06779113781585178,-0.046414154987573175,-0.02984396847796178,-0.020562824984619588,-0.004403154926286734
2008-10,609539.0277992233,254612.2539957543,429937.174999174,543379.4597252632,758753.7409983521,1675634.6625444738,-0.0005426488583771816,0.005632151001171204,-0.01439687842468551,-0.002494254817167363,0.0040735365065205364,-0.00852337255530411,-0.03936379578177518,-0.07648230808152678,-0.04708230809445646,-0.030589569237066905,-0.011527887740686027,-0.015802551569186307
2008-11,600372.56130626,252016.8855707487,424982.3630607523,530440.6208658237,758242.9559231071,1656893.4748263552,-0.015038358620053316,-0.010193415219712287,-0.011524502244848356,-0.02381179234485875,-0.0006731895312607206,-0.011184530934481796,-0.0591000219862754,-0.07915712448145151,-0.06374994402733014,-0.06678036242106644,-0.012276108198820856,-0.01221635525923348
2008-12,587830.3405114677,242020.187354837,416752.2868709519,522278.4631504396,749080.8376121416,1652644.9655992778,-0.020890729528850516,-0.03966677944325814,-0.019365688803005376,-0.015387505018113479,-0.012083354338335073,-0.0025641414439891985,-0.07552187325443183,-0.1145144545873148,-0.07632347414699536,-0.07078169870143913,-0.03330985105657225,-0.009422477254778294
2009-01,575276.9000873651,237272.2380863034,408762.9410122883,512460.6649047851,738714.290869735,1630537.2580131055,-0.021355550333077233,-0.019617988567095845,-0.019170490745591184,-0.018798014734194624,-0.013839022735453121,-0.013377166933223106,-0.08774826112400913,-0.11702006632290218,-0.09170006320268775,-0.08239504432408984,-0.04105398265883886,-0.026915536372714377
2009-02,565575.0682224485,234693.5713899899,399274.1854929936,500821.7794076555,739525.8567452349,1586637.6586471498,-0.01686462964781521,-0.010867966337366308,-0.02321334584734147,-0.022711763641980465,0.001098619433156589,-0.026923395433140596,-0.09861822328128234,-0.1258840655015505,-0.1000232830552652,-0.09662370281153443,-0.04331061573509998,-0.06318074982345545
2009-03,559384.3303358903,229306.2818505217,397040.9769577598,505706.0623222845,719322.4172806607,1566455.0730628797,-0.01094591723432059,-0.022954567982248486,-0.00559317034853235,0.00975253696116396,-0.027319449726197043,-0.01272034952295209,-0.10303140468316441,-0.1511985389155298,-0.10319285542911216,-0.07348075369225959,-0.06580459546849837,-0.07998594709514129
2009-04,549493.0838853273,222600.839102363,391865.4490392178,498666.4058501236,707520.151493515,1550755.6245848702,-0.01768238027801672,-0.02924229852773841,-0.013035248800258303,-0.01392045102214845,-0.01640747668029474,-0.010022278166786136,-0.10681252606836278,-0.1466586646752357,-0.11084081692155479,-0.08587041238513926,-0.07901421322275837,-0.07806536178963874
2009-05,546618.1342622522,227711.782583651,385972.4836379116,493491.6018280741,695432.3980086058,1543240.4691407264,-0.005232003290645659,0.022960126753779786,-0.015038236761507395,-0.010377286220489501,-0.017084677318932817,-0.004846124898728377,-0.1172774081066702,-0.1374109125253703,-0.12146429009731285,-0.09788348509261424,-0.09484287352779452,-0.09966851530709919
2009-06,539538.6255182266,223236.3303301712,382990.158152724,488874.7289560948,676959.4974940456,1531740.0712906122,-0.012951470689095412,-0.019654021424366674,-0.007726782637659246,-0.0093555247037167,-0.02656318654042855,-0.007452110076220042,-0.1287029215714045,-0.1466338727769385,-0.12890620401450814,-0.11061571952625104,-0.11868344662647645,-0.1044086673139124
2009-07,534923.2176686573,220890.0380404577,380316.2084153109,483486.8797275026,669113.4929929039,1501027.9817590988,-0.008554360394746996,-0.01051035145687651,-0.006981771412378657,-0.011020919899249138,-0.011590064885987905,-0.020050457716129344,-0.1319340805584771,-0.14634778696437423,-0.13149469250779755,-0.11950768998897787,-0.12779941587224242,-0.11532543426874331
2009-08,533203.9377419961,219567.2145307533,377759.402006176,480439.9660156894,668057.9702381477,1501991.8070914035,-0.003214068617462984,-0.005988606464281232,-0.006722843656305044,-0.006301957384097889,-0.0015774943500764804,0.0006421101698419474,-0.12924964423006235,-0.144191757957304,-0.134312844322515,-0.11769335633290012,-0.12139004685002797,-0.11177004693306225
2009-09,531958.7246291741,218858.5552903795,377104.2755423547,479917.4813464228,669007.6593745422,1507212.7637318918,-0.0023353411793904932,-0.0032275275791437963,-0.0017342426431801172,-0.0010875129177940757,0.0014215669578134804,0.0034760220500793526,-0.12775058923761384,-0.13558284698527057,-0.13551287781835486,-0.11899421980584912,-0.11468919334184191,-0.1081789716874918
2009-10,532103.2061073614,219331.2574864549,376858.193921391,480354.1011419685,674149.9453891314,1461868.1525662523,0.0002716027982960778,0.002159852492164216,-0.0006525559027665828,0.0009097809780147514,0.007686438178296395,-0.0300850764117504,-0.12703997309482962,-0.13856755107272922,-0.12345752859795156,-0.1159877456817392,-0.11150362896122368,-0.12757345903409167
2009-11,529442.8505222677,215543.3284532657,368105.4509669371,479118.7762291594,673252.7393503741,1467224.324462489,-0.0049996984693169155,-0.017270356613092952,-0.023225560955375202,-0.002571696400368695,-0.0013308701497253272,0.003663922691546473,-0.11814282556429123,-0.14472664018079762,-0.13383358237312182,-0.09675323234652178,-0.11208836944520428,-0.11447274869843027
2009-12,528617.7538088483,215892.9784967809,368186.0019964392,480627.9245185846,668055.5287874419,1491702.0768524595,-0.0015584245072070013,0.0016221798467355164,0.00021882596220867967,0.0031498416766355675,-0.007719553533413026,0.016683033386144075,-0.1007307425661268,-0.10795466751601912,-0.11653513706944896,-0.07974776210494006,-0.10816630830256657,-0.09738503556234634
2010-01,528312.6947843344,214927.2893856431,373729.456787343,474678.7058548954,671125.9973008888,1495662.61166065,-0.0005770881176727638,-0.004472999158479873,0.015056125873458504,-0.012378012928916271,0.004596127688696772,0.0026550441067612063,-0.0816375649637564,-0.0941743074574648,-0.08570611645514148,-0.07372655432375397,-0.09149449848773095,-0.08271791747758483
2010-02,527338.5891190609,212778.0719270627,374466.0860044349,479288.8125518801,666521.6955009444,1509736.0070357546,-0.001843805145873234,-0.009999742074279117,0.0019710226307128043,0.009712057103302918,-0.006860562425627714,0.00940947193931585,-0.06760637314434914,-0.09337920648244025,-0.062132991287497163,-0.04299526845905821,-0.09871752363817665,-0.04846831360158532
2010-03,523948.4677101047,208474.426126407,371894.5201331542,477549.7154123113,665950.2393143645,1518628.698611279,-0.006428737587020672,-0.020225983634868827,-0.006867286430980779,-0.00362849516622199,-0.0008573707209191817,0.005890229506405165,-0.06334797151809313,-0.09084729627116972,-0.06333466388604247,-0.05567729756031525,-0.0741978515949292,-0.030531596643934455
2010-04,524187.9167135395,211398.3940399209,367645.2400250243,480442.4818159099,671484.4093795676,1513286.7858082,0.0004570086911053206,0.014025547247416226,-0.011426035819534164,0.006057518851416255,0.008310185564166073,-0.003517589788711306,-0.04605183925675893,-0.050325259813107204,-0.06180746241746249,-0.03654532132186783,-0.050932460422334236,-0.024161665566552637
2010-05,526591.1766195942,213068.5251721114,369137.8587574485,478985.4636863507,671833.9220876585,1501470.8383184718,0.004584729692210798,0.00790039649911023,0.004059943037267644,-0.003032658819120626,0.0005205075549168381,-0.007808134981775905,-0.036637931285773306,-0.06430610329160424,-0.04361612704043438,-0.02939490375922782,-0.033933529683866204,-0.027066184212698796
2010-06,529960.8242992541,214281.3822573538,368159.4527834784,479794.8905459252,672808.0111711195,1512772.6171639368,0.006398982416095711,0.0056923334136878,-0.0026505164690056038,0.0016898777122482667,0.00144989565342879,0.007527138427891211,-0.017751836042828373,-0.04011420569211488,-0.03872346339336363,-0.018572934685247566,-0.006132547572334834,-0.012382945698282688
2010-07,522981.7991851647,211413.9752854278,364034.7936587379,480280.5466616699,669949.452596391,1518434.305344374,-0.013168945314623093,-0.013381503057891542,-0.011203458429644875,0.001012216105911623,-0.00424869877775802,0.0037425903378998093,-0.022323612228941192,-0.042899457300533794,-0.04281020476201591,-0.006631685781504082,0.001249353976928269,0.011596268555151168
2010-08,523176.1469754702,213754.1801817296,365923.5547388082,479447.8718006035,671175.7162200738,1535171.5007275986,0.00037161482600023277,0.011069300849872121,0.00518840812189203,-0.0017337259792306048,0.0018303823056058377,0.011022666785329704,-0.01880667050020579,-0.02647496513287273,-0.031331707972087286,-0.00206497020494234,0.004666879403915747,0.02209046246427082
2010-09,523852.6266169629,212938.1279564878,363569.5783060864,478761.5616339789,677942.5036909049,1534638.4826952626,0.0012930246254603261,-0.003817713527511035,-0.006432973232351813,-0.0014314594077706744,0.010081990911322558,-0.00034720422577105836,-0.015238208599477221,-0.027051386344191797,-0.03589112644454251,-0.002408580135903615,0.01335536924153602,0.018196315492621018
2010-10,522538.8896811656,213279.5559297896,361911.2824883875,477233.3648615705,672364.6694413235,1523480.9410839607,-0.002507836878248404,0.0016034139896805577,-0.004561151198142377,-0.0031919788363811152,-0.008227591896383779,-0.007270469062984897,-0.017974551396080174,-0.027591605619819326,-0.039661898491508696,-0.006496741201915346,-0.0026481882258070355,0.042146611108224485
2010-11,520180.656998162,210007.7823971267,360250.9496725102,472823.994424469,672838.5345210144,1542518.8362153377,-0.004513028081876369,-0.015340305442777535,-0.004587679070023332,-0.00923944292616774,0.0007047739139605103,0.012496313290162764,-0.017494227214455926,-0.025681825069056807,-0.021337639184083712,-0.013138249045951844,-0.0006152293264477526,0.051317655042580235
2010-12,515850.7115908371,205133.296259281,356486.8645828618,470542.9545985091,668339.4894860664,1543330.7556856582,-0.008323926215003774,-0.02321097857520349,-0.010448508444100502,-0.0048242894879656495,-0.0066866637448921296,0.0005263595174711533,-0.024151746940054286,-0.049838036940420216,-0.03177507387608547,-0.020982904666176028,0.0004250555326439365,0.03461058319509536
2011-01,516821.5235788661,204006.0179480836,359534.0411266833,465381.4997719426,674741.3439554861,1532016.1328884424,0.0018819630684139277,-0.005495345376659633,0.008547794733999803,-0.010969146973989874,0.009578746385826342,-0.007331301314078331,-0.021750700520568045,-0.05081379599946234,-0.03798313299327938,-0.01958631379136455,0.0053869864513331756,0.02430596375437144
2011-02,516851.1688723538,200305.4619392601,359735.8701388114,467542.9292098313,669877.198163585,1539220.1144808012,5.736079504270464e-05,-0.01813944532638856,0.0005613627335414595,0.004644424926534274,-0.007208904323820375,0.004702288336074112,-0.019887450801252204,-0.058617929351658105,-0.03933658191265166,-0.024506900712975344,0.00503434874707076,0.019529313275727045
2011-03,517621.1826935733,204168.8496950559,356349.2304174761,467922.5260049931,669233.0951506128,1547300.245988173,0.0014898173160746708,0.019287480822501424,-0.009414239731024066,0.0008118972001209812,-0.0009615240147567983,0.00524949708709932,-0.012076159024158484,-0.020652779870181548,-0.04180026559711658,-0.0201595542759484,0.004929581284673912,0.01887989302659232
2011-04,515972.5380776344,204621.5150239622,356843.8603985565,469067.5449496616,666240.8422397156,1550285.594116486,-0.003185040858180721,0.0022171125986281126,0.0013880484054951125,0.002447026764119231,-0.004471166970939633,0.0019293916200513461,-0.015672583006896557,-0.03205738173526029,-0.029379897930223553,-0.02367595975954273,-0.007808918668263498,0.024449303764009223
2011-05,516913.600237564,206594.6073100543,353146.6836479949,465751.8983550479,676446.9915617468,1561754.731775422,0.0018238609431342478,0.00964264332546394,-0.010360768842799462,-0.0070685909317590445,0.01531900879525927,0.007398080523010053,-0.01837777921794015,-0.030384205535883946,-0.043320333393278454,-0.027628323476572847,0.006866383673741261,0.04014989297059102
2011-06,518410.4270500598,203317.5532710204,356502.4181105921,468686.9189925164,678463.7623488173,1566365.9259528997,0.0028957001940128624,-0.01586224384896806,0.009502381355907419,0.006301682607917414,0.002981417335324865,0.0029525725670351832,-0.02179481335147171,-0.05116556963948338,-0.031663005213510065,-0.023151500302076577,0.008406188814329196,0.035427207090406476
2011-07,518196.0864801636,203471.6726625391,357670.986371091,472491.6951991115,678048.1760535829,1569132.6424593863,-0.0004134572892675603,0.0007580230483752448,0.0032778691002772753,0.008117948362573735,-0.000612540150701113,0.0017663283276565522,-0.009150820759838085,-0.03756753834350768,-0.017481316067860853,-0.016217295321863667,0.0120885589588966,0.03338856145212965
2011-08,517855.8130326428,201250.2768777462,355660.2317784487,474774.5609230685,680491.3819288927,1573178.6177395398,-0.0006566499755567001,-0.010917469521554035,-0.005621799556747131,0.004831546770351247,0.0036032924526541166,0.0025784788173242035,-0.010169297613403683,-0.058496649250802224,-0.028047724251272443,-0.009747276299264862,0.013879622703400152,0.02475757072999829
2011-09,515856.476478434,201124.8875036944,355872.8232399925,476144.2803574428,678719.5202600728,1579395.9990531004,-0.003860797743102329,-0.000623051933130836,0.0005977375105470362,0.002884989102430513,-0.0026037973674221115,0.0039521140469696014,-0.015264121495711436,-0.0554773377889719,-0.02116996450020381,-0.0054667740400953235,0.0011461393332583558,0.029164859908394014
2011-10,510861.0260401662,195519.2847325511,350441.8634652754,469997.9395997166,671738.8954945407,1576989.0977143059,-0.009683799013961991,-0.02787125373054744,-0.015260956780210777,-0.01290856786752137,-0.010284991896000295,-0.0015239378472767795,-0.02234831487494604,-0.08327226264051801,-0.031691244727857115,-0.015161189042079193,-0.000930706170660045,0.03512230129526528
2011-11,509470.8105732196,193445.9935078492,348358.2555175523,469029.8801238699,673897.50982955,1573014.8269951066,-0.0027213183157120957,-0.010604024188907712,-0.005945659365920841,-0.0020597100418592307,0.003213472302240561,-0.002520163725265756,-0.020588705636896076,-0.07886273880059835,-0.03301224928280988,-0.008024369205749338,0.0015738921809664852,0.019770255029489814
2011-12,510468.938561159,194350.7575835625,347885.6972594024,471208.9226584915,683321.8553102352,1589305.217486326,0.0019591465638950645,0.0046770887280049855,-0.001356529522883898,0.004645850140818419,0.013984834998231221,0.010356158258430614,-0.010432811099709838,-0.05256357145497126,-0.02412758555220229,0.0014153183114824497,0.02241729848357421,0.029789117874633675
2012-01,512834.6522844177,197734.3094577516,347162.1091275972,473259.1691294818,688219.7539402243,1590780.8876153992,0.00463439309339142,0.01740951214318942,-0.0020799594162840274,0.004351034907028373,0.007167776929607239,0.0009285001476351251,-0.007714212958547573,-0.030742762166594773,-0.034411016993872945,0.01692733673641844,0.0199756693516433,0.03835779106070025
2012-02,512015.942968011,198040.1344069197,349906.9894254679,467907.241032986,680532.4619899289,1572929.3672331222,-0.001596439150045259,0.0015466458502157998,0.007906624097798298,-0.011308662241748313,-0.01116982171215497,-0.011221859981632387,-0.00935516101258338,-0.011309364759246154,-0.0273224927765775,0.0007792050748589574,0.015906294251475384,0.021900215852942884
2012-03,513621.0747223531,198651.2391344222,346095.6901034872,473335.9428816405,679421.7376762275,1579168.8791639437,0.003134925340483763,0.0030857620316842027,-0.010892321208669342,0.01160208984299893,-0.0016321400899136362,0.003966809992108633,-0.0077278676085175135,-0.02702474235846808,-0.02877385283525513,0.01156904524957536,0.015224355459171779,0.020596282627369566
2012-04,512247.8820606397,195139.5178073525,349751.9837439194,468673.2720364972,686457.6574776979,1575586.4868015645,-0.0026735520197563867,-0.017677822410628985,0.010564400958991804,-0.009850658745155227,0.010355747264629622,-0.0022685302437545074,-0.007218709799695411,-0.04633919954848975,-0.019873892874929244,-0.0008405461375646794,0.030344605068069797,0.01632014951380456
2012-05,513159.5423178209,197066.9339510046,347104.0410226554,473607.5755560132,683374.2684240122,1588567.17104974,0.0017797247955693152,0.00987711851145856,-0.0075709155182456245,0.010528237503443005,-0.0044917396143779875,0.008238636442310598,-0.007262447569608921,-0.04611772535161429,-0.01711085762697584,0.016866656322196638,0.010240679533916053,0.017168149856563675
2012-06,513584.09837979,194934.255283997,351436.4969431738,474326.5876874593,691367.6698077838,1597691.7648716064,0.0008273373618885582,-0.010822103050214693,0.012481721352923358,0.0015181601151585955,0.0116969598551111,0.005743914382818849,-0.00930986033157799,-0.041232534290084444,-0.014210061166672894,0.01203291251880012,0.01901930239323857,0.01999905539291502
2012-07,511958.0729628181,190178.3119091751,354245.8518246457,477187.5508743244,699454.0340137027,1604978.7177150166,-0.003166035362273889,-0.02439767893997402,0.007993918975143233,0.0060316314984860675,0.011696185053268415,0.004560925332175003,-0.012037940231693245,-0.06533273442643406,-0.009576215787577502,0.00993849357126586,0.0315698186590625,0.022844515680616295
2012-08,512214.5607309178,189538.3509057357,352541.6058615642,482510.964079746,696679.0681070966,1630194.379651097,0.0005009936978146445,-0.0033650577556132433,-0.004810912969914205,0.011155809064314015,-0.0039673313351019646,0.015710901121467558,-0.01089348069434426,-0.05819582538574675,-0.008768553912508081,0.01629489823893726,0.023788230987318304,0.03624239566228127
2012-09,513670.9660362053,189338.7578926412,351758.5105560808,481160.080184857,704663.2507780521,1628953.647655418,0.0028433500664433176,-0.0010530481675117276,-0.002221284785861366,-0.0027996957488114482,0.011460345281578244,-0.0007610945118978751,-0.004236663765759818,-0.05860105011040306,-0.011561188197664385,0.010534201573625612,0.03822452389175157,0.0313775953795179
2012-10,514271.0686245214,191505.1059059947,350061.5324836988,477931.8280904018,700922.7202362395,1639710.4187833806,0.001168262619448468,0.011441651130836394,-0.004824270121280949,-0.006709309910362782,-0.00530825261241108,0.0066034850920682064,0.006675088547637653,-0.020530858795066553,-0.0010852898047503112,0.016880687812040662,0.04344519118580048,0.039772831124820884
2012-11,512065.7168395256,188659.0538204424,347289.7702665231,479538.8647134994,703247.963256186,1633591.608042076,-0.0042883061473674156,-0.014861494538685238,-0.007917928592467538,0.003362480857403094,0.0033174028360256624,-0.0037316410697960656,0.005093336482587585,-0.024745612977570164,-0.003067202324347873,0.02240578912979707,0.04355328963013916,0.0385099873233159
2012-12,516278.5327698806,187457.3411526714,357106.0239480112,483538.9262930144,713848.3082912823,1652964.5682363214,0.008227100139326815,-0.00636975879734214,0.028265311915046443,0.008341475266879117,0.015073410217947059,0.011859120785680854,0.011380896602831259,-0.03546894551171076,0.026503897001932897,0.02616674481662784,0.044673608408423826,0.040054830280290776
2013-01,513161.5419752187,184557.0272954504,351617.028958498,481776.8575128181,714684.9942178524,1646520.3728183392,-0.006037420881978117,-0.015471860634462486,-0.015370771203547018,-0.0036441094695414122,0.001172078040743374,-0.003898568391491941,0.000637417322220335,-0.06664135424164563,0.012832390729782706,0.01799793630835267,0.03845463622063772,0.0350390714628801
2013-02,510854.2169931283,187278.6643237243,346657.1466534897,478857.1090918604,713792.0937345731,1646220.1740935887,-0.004496293648992511,0.014746862084622503,-0.014105921774322572,-0.006060374996073814,-0.001249362293182621,-0.00018232311589105876,-0.002268925393511201,-0.054339844372572665,-0.009287733226804984,0.023401792275538735,0.04887295405040715,0.04659510362463992
2013-03,512971.2883895901,184274.0528809797,345918.9575516216,483129.8729200311,727069.6277628195,1663092.5637064145,0.004144179153346084,-0.01604353306125106,-0.0021294501180613157,0.008922836785850041,0.0186014024879122,0.010249169508638634,-0.001265108393603609,-0.0723740074116217,-0.0005106464972527425,0.0206912874157954,0.07013006420659784,0.053144211268209895
2013-04,521091.2195806378,192125.1827208656,347613.8424806483,491909.3858393766,735757.3771973859,1680468.2878864584,0.015829211838618074,0.04260572618412439,0.0048996589866683316,0.018172159105547037,0.011948992369958278,0.010447839500478562,0.01726378542439977,-0.015447076637048696,-0.006113307036555882,0.04957849143372939,0.07181756832727815,0.0665668320739432
2013-05,525829.7720575437,195571.3783839023,350905.9201904919,494044.886091623,736452.477721898,1695995.6257961276,0.009093518176566784,0.01793724078349279,0.009470502343492893,0.00434124721690865,0.000944741495028989,0.0092398874894557,0.02469062483471407,-0.007589074113641625,0.010953140034426712,0.04315241476367104,0.07767077537217482,0.06762600707365607
2013-06,527893.6609367545,192737.3680606419,354523.8418478771,497474.3164814187,741167.7957118286,1727532.3068311184,0.003925013357716445,-0.014490925751401651,0.010310232598587099,0.006941536055409481,0.0064027457746040906,0.018594789134663614,0.027862160456499918,-0.011269887994567629,0.008784929657440932,0.04880124664066221,0.07203132006142332,0.08126757915031635
2013-07,534198.6773326105,193430.2415058182,355678.8033274307,509592.3576307174,755739.1930484832,1764488.6055474912,0.01194372439454483,0.003594909758020126,0.0032577822510713172,0.02435912920089689,0.019660051908569454,0.02139253695588672,0.04344223784006562,0.01709937144776097,0.0040450763090214,0.06790790475782416,0.08047013284317961,0.09938442552033733
2013-08,536279.5037700264,192602.592849945,361054.0764821983,511771.5902080414,760867.7046808478,1767026.6570163907,0.0038952294824203815,-0.0042787965802560946,0.01511271716076723,0.004276423193346313,0.006786086628215449,0.0014384062673569176,0.04698215334755118,0.016166870343476303,0.024146002852147852,0.060642406715258446,0.09213515880153289,0.08393617293330324
2013-09,539708.5312028391,194266.3145942214,362844.3946334928,518996.9743080983,766620.8344866001,1777074.091797483,0.006394104955917079,0.008638106682045343,0.004958587280713855,0.01411837671004701,0.00756127480554003,0.005686068595058602,0.05068918994498639,0.02602508200869358,0.03151561012663717,0.07863681066123518,0.08792509562565898,0.0909298090558055
2013-10,542112.0755937689,194842.9502353858,365029.3681963727,523125.3389766746,770678.9687004592,1777697.5921043681,0.004453411891735426,0.0029682739509877543,0.0060217922481258235,0.007954506235956504,0.005293534993184412,0.00035085780033772274,0.05413683302020389,0.017429531779844964,0.04275772778138909,0.09456058004516144,0.09952059827752335,0.08415337960916913
2013-11,540160.1394003844,194769.5925834876,365300.979647755,524159.9399394572,772583.3102003172,1798642.3122182228,-0.0036006137499271507,-0.0003764963105392649,0.0007440810933221353,0.0019777305469592665,0.0024709919138823366,0.011781936481705557,0.05486487698152853,0.03238932157934449,0.05186219383142032,0.09304996635177165,0.09859302915445922,0.10103547506219535
2013-12,538677.6978447298,191962.3611209458,364680.3511506772,526016.4544827973,772281.0207917087,1811924.3604064684,-0.002744448261769672,-0.014413088949387642,-0.001698951088705658,0.0035418855999458376,-0.00039127095371771503,0.007384485563372012,0.04338581531692909,0.024032240831824092,0.021210303648556472,0.08784717399161868,0.08185592348085136,0.09616648488706181
2014-01,548072.4944486422,196698.3528006168,372824.6315761547,532781.7417078109,781588.9083913426,1827852.4448324617,0.017440478121707015,0.02467145982168395,0.022332654884695158,0.012861360452432136,0.012052461926478353,0.008790700524838657,0.06803111616479907,0.06578630834647003,0.06031449239098108,0.10586827366160012,0.09361315084936073,0.110130475764316
2014-02,548631.1151237113,195013.27879416,369978.1376756242,537478.0926642086,786174.9461649588,1863444.4827250931,0.0010192459587503588,-0.00856679266737359,-0.007634940557700309,0.00881477458544988,0.005867582976650798,0.0194720520210776,0.07394849034023165,0.041300030082796146,0.06727393693529038,0.12241853041196626,0.10140607197213014,0.1319533754050295
2014-03,548594.3426910648,192919.666293057,369705.7878562189,537968.6797238202,788056.4890991852,1874065.2945234012,-6.702578769746115e-05,-0.010735743299372102,-0.0007361240886186726,0.0009127573129164013,0.002393287834221658,0.005699559013840894,0.0694445383352913,0.04691715017339626,0.06876417087099829,0.11350738150871109,0.08388035891971057,0.12685567563768485
2014-04,552330.4448835789,195190.127285712,373119.2877285918,542084.2852394616,790249.1703887236,1885484.0808145935,0.00681031848448721,0.01176894526245964,0.009233017130098053,0.007650269747588645,0.0027823910086000048,0.006093056802535912,0.05994962902672141,0.015952851788822553,0.07337292745861634,0.10200028876145217,0.07406217712543417,0.12199920367791384
2014-05,559439.6104619511,195972.7057030721,377100.3793083663,544339.589925142,797361.3107507348,1882505.4325601673,0.012871218025779285,0.004009313525445979,0.010669755519769009,0.0041604317761843035,0.008999870709782254,-0.0015797790523583988,0.06391771670305757,0.00205207593506862,0.07464809685642959,0.10180189138561713,0.08270572083245464,0.1099706885602898
2014-06,562487.0228568203,196635.0139124084,377076.6168968265,541875.2493278095,811146.3634664546,1907882.8693098382,0.005447258896009943,0.0033795941478698133,-6.301349148307711e-05,-0.004527211768064365,0.017288339087760507,0.01348067118996732,0.06553092882130707,0.020222574848797192,0.06361426901896938,0.08925271390980294,0.09441663299390579,0.10439779433679242
2014-07,569432.3855621277,200021.057186698,381280.9894945214,541873.2687610651,825080.2623697296,1937977.185929634,0.01234759634103666,0.01721994067545829,0.011149915983375003,-3.655023452231454e-06,0.017178032881425054,0.01577367096476001,0.06595618769677247,0.0340733466989005,0.07198119743875164,0.06334653698582438,0.09175264424429264,0.09832230133801967
2014-08,569732.0937323532,198871.2636436637,385478.0055177442,554279.2752438657,822089.8448921266,1954679.286110048,0.0005263279325598003,-0.005748362493460335,0.011007671871569036,0.022894664117987462,-0.0036243958484888372,0.00861831620190201,0.06237902013251717,0.03254717758967329,0.06764617996703359,0.08305987641585255,0.08046358103339246,0.10619682976968048
2014-09,568620.9840425312,197072.6057928418,381295.3151913137,553590.6579052507,823696.5526733625,1949146.9934519983,-0.001950231875727737,-0.009044332589170478,-0.010850658835418359,-0.001242365300979431,0.001954418718609352,-0.00283028151848852,0.05357049438380268,0.014445588286791322,0.050850780198652634,0.06665488492157579,0.07445103970463518,0.09682933449357001
2014-10,572183.83725746,198461.4561779195,383509.7012124426,554693.5635469289,827394.5891546769,1950628.183107933,0.006265778637993824,0.007047404582134709,0.005807535348337112,0.001992276469858778,0.004489561683015619,0.000759916856404752,0.05547148462013851,0.018571397826620206,0.050626975871508995,0.06034543199915987,0.07359175838138299,0.09727784510235882
2014-11,571097.7739680589,197974.0176307113,384159.8478688899,557758.7504176174,831847.6047601599,1957307.1690393314,-0.0018981020061782372,-0.0024560867212986004,0.0016952547859725442,0.0055259102901581425,0.005381973321861411,0.0034240179595665943,0.05727493073075962,0.016452388715913813,0.0516255615829988,0.0641003020605524,0.07670926070675343,0.08821367969790006
2014-12,572941.3973087872,198650.5566911166,386746.8828049754,564034.4580294597,827300.0265569153,1949114.3377527068,0.003228209642490043,0.003417312375138426,0.0067342668694736485,0.011251652452145988,-0.00546684053331592,-0.004185766759667864,0.06360705037752235,0.034841182047958386,0.060509242092894766,0.07227531234558704,0.0712422088384399,0.07571506865521838
2015-01,577695.4126872886,200274.5873341482,391341.9832415527,571184.6599106638,841109.8385004567,1961119.9475183557,0.008297559577352676,0.008175313827873287,0.011881415574057863,0.012676888405336983,0.016692628430118095,0.006159520523301376,0.05404927001207538,0.018181314091412215,0.04966772604887737,0.07208001925845631,0.07615375483208853,0.07290933306058478
2015-02,584543.7080528865,207623.9500705723,394800.6057103746,569639.1565644237,844455.3570759076,1950740.2868333536,0.011854508821078413,0.03669643180520965,0.00883785184552277,-0.0027057858074862606,0.003977504984860714,-0.005292720977182808,0.06545854206806578,0.0646657056093245,0.06709171571784411,0.05983697631432183,0.07413160543368447,0.046846474320823006
2015-03,583204.9681783713,204713.9631971394,397227.7181289551,566945.8840438484,840419.7523178254,1947779.2958204555,-0.002290230578265162,-0.014015660873631153,0.006147691729634808,-0.004728032631778456,-0.004778943876981523,-0.0015178806901582353,0.06308965075638251,0.061135793621818424,0.07444278985277797,0.053864110332416226,0.06644607834965721,0.039333742272731564
2015-04,581962.2694595688,201264.5856074376,398058.8504876735,571345.7816289462,844228.0085629382,1956270.5497985426,-0.002130809555144997,-0.016849742615651864,0.002092332233594396,0.0077607011690687955,0.0045313740361405674,0.004359453864361207,0.053648725777257766,0.031120725244643266,0.06684072246949291,0.05397960646757838,0.06830609913536811,0.03754286217753
2015-05,588217.3434339393,204212.9007815731,406141.0470643958,577855.6751321033,853768.9818136088,1976605.3151705528,0.010748246583372367,0.014648951603865923,0.020304024309020008,0.01139396441257845,0.011301417571908612,0.010394659048619026,0.0514402849455462,0.04204766704086893,0.07701044429945303,0.06157201465278406,0.0707429245717539,0.04998651317696945
2015-06,588652.5546298405,203691.2163061283,408718.5472817755,580616.7123528755,870461.237115593,1986017.9334746308,0.0007398816113795004,-0.002554610768703447,0.0063463179504017475,0.00477807407557429,0.019551255266414103,0.0047620120374238795,0.04651757411242641,0.03588477074008356,0.08391379620764639,0.07149516991802884,0.07312474828297932,0.04095380561441764
2015-07,595629.3383255489,208444.2185318359,406836.102961526,593020.2892963717,878514.3341959834,2015149.6880448833,0.011852125062288277,0.023334350454092823,-0.004605722771253928,0.021362762524062218,0.009251528657468366,0.014668424730327256,0.04600537908914393,0.04211137299047385,0.06702435781255178,0.09438926679710335,0.06476227133683299,0.0398211612992907
2015-08,600256.0260305632,209298.5159118403,416381.439974565,595730.4710491499,882879.0241660763,2022934.8692765813,0.007767729705895565,0.004098446030413205,0.023462364680898684,0.004570133268110954,0.004968262668232359,0.003863326520051835,0.053575939698684794,0.05243217183383564,0.08016912512378926,0.07478395396805504,0.07394469065838716,0.03491907017767959
2015-09,602203.3048934424,212952.939534686,416604.4428637375,589975.0700976818,885671.5965933475,2045432.3790566628,0.0032440804897144737,0.017460341784673705,0.0005355735577121656,-0.00966108203485394,0.0031630295327367275,0.011121222992279023,0.05905923592928697,0.08058113241034248,0.09260309861060745,0.06572439703030275,0.07524013997489831,0.04939872976647086
2015-10,600902.3988736017,209491.9687209868,417882.2176402739,598874.3369109469,877788.4338164089,2031377.4669819481,-0.002160243906451087,-0.016252280063668634,0.003067117498202876,0.015084140439682647,-0.00890077406485712,-0.00687136481197026,0.05019114442972206,0.055580125005121994,0.08962619803140504,0.07964897425798245,0.06090666451326188,0.0413965534658467
2015-11,603723.9470695095,216593.962256387,409440.8994740607,594832.3354398411,873682.7778702261,2034909.9013661246,0.004695518275841248,0.03390103009084333,-0.02020023300795193,-0.006749331574224304,-0.0046772727778291445,0.0017389354965253734,0.05712887457914584,0.09405246632115216,0.06580867767783727,0.0664688541317644,0.05029187181722805,0.039647702493667225
2015-12,605520.7969618912,218403.3188418417,413584.0916064678,591488.9769181372,872099.4598113722,2062831.8550388801,0.0029762773219510485,0.008353679699127259,0.01011914573685524,-0.005620673797485765,-0.001812234484824704,0.013721469267022668,0.056863406634841684,0.09943471833023287,0.06939217869540171,0.04867525112666704,0.05415137412832527,0.058343174170730094
2016-01,604812.4781771348,213041.9913051051,410150.4549638807,596693.3861508825,890659.6758868236,2052637.713023328,-0.0011697678895760122,-0.024547829974227886,-0.008302148734130377,0.008798827088650096,0.021282224024615104,-0.004941819174767437,0.04694007411917056,0.06374949583421241,0.04806147187821308,0.044659333540589596,0.05891006753018746,0.046666072424983884
2016-02,602958.268735147,210994.5874474718,411487.2140606077,603384.0933403805,889764.7375826002,2048463.3947225488,-0.0030657592376007736,-0.009610330081364693,0.0032591920368458815,0.01121297360551976,-0.001004803886885619,-0.002033636171787423,0.031502452987817176,0.01623433797379259,0.04226591375210398,0.059239145320482134,0.053655151959228764,0.05009539637274307
2016-03,600993.7354030671,209847.4049140853,416004.9825491474,598690.9414474642,893427.7241218942,2039255.5680394068,-0.0032581580416849443,-0.005437023514511252,0.010979122398379726,-0.007778050407220127,0.004116803447668627,-0.004494992054465796,0.0305017415751081,0.025076167921200154,0.047270780872588736,0.05599309968914179,0.06307321033076163,0.046964392944950806
2016-04,603982.9215318302,213495.8485569949,419958.808763656,597265.8033363863,895143.0205159306,2056240.642157223,0.004973739246646902,0.01738617470348669,0.009504276103331266,-0.0023804237084867896,0.001919905044050818,0.008329056143829172,0.037838624989744885,0.06077205740216085,0.055016885692033446,0.0453666108001014,0.0603095507807907,0.05110238579677806
2016-05,605049.6185424053,211307.5217697957,420964.1229122414,602770.9442354767,896380.4692177344,2065415.8427850478,0.001766104590953832,-0.010249973486556985,0.002393839890023841,0.009217237732912276,0.0013824033405194225,0.004462123955588648,0.028615740926986932,0.034741296759752904,0.036497359611857405,0.043116768036720377,0.04990985654410718,0.04493083517122476
2016-06,603988.6835522656,213605.4805583366,417049.2749203638,597400.4001907561,896028.1295580685,2050268.1114574794,-0.0017534677448364233,0.010874950258724647,-0.009299718856786598,-0.008909759330772538,-0.00039306931795757283,-0.0073339862190380245,0.026052938701792927,0.048673008252393624,0.02038255345638862,0.028906656458211222,0.029371661083031464,0.03235125771016567
2016-07,609401.5160656685,217740.2491821675,422509.3431498676,595563.4047563941,894137.241052217,2065291.25878472,0.008961811141176002,0.019357034346792812,0.013092141763215936,-0.003074981927992382,-0.0021103003839668677,0.007327406227159772,0.023122060741394,0.04459721030310937,0.038524703373790326,0.004288412227918537,0.017783326063235627,0.024882305784680758
2016-08,607347.3576942458,215785.8474829789,419671.5513115034,598902.0253030382,895711.218745712,2080444.279586488,-0.00337077988365464,-0.008975840280009528,-0.006716518544200856,0.005605818826309061,0.0017603312122898007,0.0073369897525661365,0.011813845019727598,0.030995592791833948,0.007901676254204348,0.005323807339085551,0.014534487997102774,0.028428700885695157
2016-09,607791.381148856,214779.6613429992,419353.9239088037,599025.3318055036,894840.3831191092,2070298.9306200836,0.0007310865009704237,-0.004662892176277023,-0.0007568475911866601,0.0002058876030732737,-0.0009722281114467046,-0.004876530011378555,0.009279384902084464,0.008578053969598542,0.006599740094383799,0.015340074804047754,0.010352354711417489,0.0121571125098201
2016-10,608503.8509949797,215816.0366481569,423052.973084856,607675.5817994482,899957.4071123678,2067277.971040172,0.0011722276231969087,0.004825295368645843,0.008820828815844672,0.014440541216966807,0.005718365073581477,-0.0014591900402550761,0.012650061200665919,0.03018763900965027,0.012373714951980253,0.014696313309899178,0.025255485766169983,0.017672985273171182
2016-11,610225.7826643613,216310.5894853533,422038.5530184245,614324.6524834915,895972.9432769946,2073867.6523359187,0.0028297794115288433,0.002291548139226718,-0.002397855897417478,0.01094180987880744,-0.00442739156751637,0.0031876125939807043,0.01076955059744078,-0.001308313343925338,0.03076794125976634,0.03276943078293981,0.025512881759103934,0.0191447055929308
2016-12,612357.2993138718,219977.7547890111,419551.4279236092,609922.9867618826,893028.621119906,2051388.7977804742,0.0034929967072250268,0.016953239840835854,-0.005893122978996468,-0.007165048161122289,-0.0032861730693785063,-0.010839097919351448,0.01129028496838047,0.007208846255259971,0.014428350698796777,0.031165432599932652,0.02399859451014974,-0.005547256423471425
2017-01,619752.2661804929,226137.9319956249,422045.0902887387,619853.4301153357,905455.180986041,2074777.089478884,0.012076228820832258,0.028003637061039477,0.005943639323243044,0.016281470888930505,0.01391507458131791,0.011401198896920484,0.024701520789362164,0.061471171060190954,0.02900066349043917,0.038813978002760985,0.016611850182265853,0.010785817835796685
2017-02,617307.943487248,223355.7411602366,419474.1551221127,613712.0580692015,900915.8892561733,2064543.8705797219,-0.003944031876332077,-0.012303070125546878,-0.006091612545159886,-0.00990778101363654,-0.005013270480074383,-0.00493220160905683,0.02379878591300022,0.05858516970650807,0.019409937389521348,0.017116733508244497,0.012532696793390086,0.007850018652323154
2017-03,621696.6950829158,223590.4055433075,423460.2839813395,620151.0102406563,909421.2661664909,2082412.6212418359,0.0071095012496926735,0.001050630630096805,0.009502680464464675,0.010491813036413777,0.009440811302972918,0.008655059801222054,0.03444787933765059,0.06549044833243856,0.017921183026482934,0.03584498663251501,0.01790132722858573,0.02116314103970862
2017-04,628657.8362419326,228858.8094744282,426903.6036136104,623277.4036923163,912089.7783251337,2064137.5111658517,0.011197005250427328,0.023562745987775635,0.008131387434724857,0.005041342189294751,0.0029342970721275563,-0.008775931287376637,0.04085366296040549,0.07195906159895205,0.0165368476741794,0.04355112951491025,0.018931899619164305,0.0038404400957390283
2017-05,629328.601191312,231420.6037244969,429265.2073020447,619814.2066679255,916373.3383450087,2046043.4587779983,0.0010669793816444617,0.011193776005179013,0.0055319366443480344,-0.0055564296152479375,0.004696423665377258,-0.008765914232929939,0.04012725883109547,0.09518393754394094,0.019719220565344697,0.02827485729934387,0.0223039990426408,-0.009379410966910862
2017-06,633463.3237869366,232911.7416286164,432894.0311038278,625292.7482883772,928481.8646149251,2052422.583118866,0.006570053526564035,0.006443410310581932,0.008453570753125916,0.008839006207850497,0.013213529642607025,0.0031177853595922844,0.048799987544999146,0.09038279832434903,0.03799252782897078,0.04668953701523271,0.036219549349263414,0.0010508243528477568
2017-07,635156.7215369998,234405.3799495006,436101.6940643091,626607.8659421267,927890.8421338443,2073493.6321195564,0.0026732372443283303,0.006412894044929063,0.007409811016109824,0.0021032031114216476,-0.000636547146051103,0.010266428158606011,0.04226311355050183,0.07653674885524087,0.03217053334988673,0.052126206777985074,0.03774991078763956,0.0039715334580281425
2017-08,633701.5894488933,229176.5856125272,438371.0918782954,622052.6869928043,918228.8287618912,2094399.5918197106,-0.002290981168529882,-0.022306631093961582,0.0052038271001342284,-0.0072695846906958295,-0.01041287717608419,0.010082480783306647,0.04339235434348421,0.06205568291778074,0.044557560569342014,0.03865517348693581,0.025139363608408516,0.006707851957465705
2017-09,640421.9601123207,233748.8795715974,437503.5211325169,630124.1388431477,923372.1060772731,2074268.7411343425,0.01060494525391964,0.019950964653957515,-0.0019790783695640135,0.012975511591089228,0.005601302370692229,-0.009611752582456057,0.053687136697769366,0.08831943448455637,0.043279903177107615,0.05191567933180741,0.03188470647548569,0.0019175059483171886
2017-10,640877.8776156018,237960.139526678,437025.5817530851,624643.5609760793,922940.0272952437,2061142.9156871203,0.0007119017330403654,0.018016171725822705,-0.0010924240751128966,-0.008697616119151097,-0.00046793570997616385,-0.006327929060939375,0.05320266513956562,0.10260638283624135,0.033028035629539154,0.02792275958560908,0.02553745321861256,-0.002967697348395193
2017-11,641030.0675751008,239821.2283191389,437293.6055543108,627695.9137633939,912412.3319777298,2083519.0691074536,0.00023747107649474408,0.007821010679195162,0.0006132908745308807,0.00488655127180837,-0.011406694916425097,0.010856187239628445,0.050480143228694985,0.10868926431074022,0.03614611136063761,0.021765789840676675,0.01834808609354721,0.004653824828534159
2017-12,640960.9605911954,236584.3358268089,441562.5290280175,634012.3084243747,912567.2239910825,2064105.5310386482,-0.00010780615044603259,-0.013497105802587894,0.00976214474550896,0.010062825840478018,0.0001697609818764878,-0.009317667573410682,0.046710737847614814,0.07549209261511836,0.05246341601872939,0.03949567762707851,0.02187903322367668,0.006199084869690674
2018-01,650911.4937982581,250901.6772054521,444342.7500273889,635799.083305859,911325.495798957,2074052.5873818074,0.0155243982377411,0.06051686105340548,0.006296324566967604,0.0028182021985105887,-0.0013606977759894612,0.004819063848035876,0.05027690791644579,0.1095072595353277,0.05283241116108095,0.02572487690768499,0.006483274861294852,-0.0003491951500479429
2018-02,649148.8142992835,246549.2530339166,439644.1830479465,631442.7390087821,910413.9693617582,2076407.6328786635,-0.002708017166341392,-0.017347130637040298,-0.010574195211135562,-0.006851762469404554,-0.0010002204935566361,0.00113548012773812,0.05158020587287848,0.1038411269537991,0.04808407783779223,0.02889087921029776,0.01054269351762338,0.005746432646941191
2018-03,653461.4034603768,250529.7989099276,441015.0496661154,631775.4205830155,914681.3495825003,2057358.343081633,0.006643452265638672,0.016145033201391934,0.0031181275018015153,0.0005268594500835722,0.004687296509447991,-0.009174157085244938,0.051093577670096035,0.12048546225031176,0.041455518613758624,0.01874448344097379,0.005783989897423902,-0.012031370682560438
2018-04,656347.1895166833,253521.0644532801,443795.3954951003,638985.9468101519,919112.9645453659,2020673.126474446,0.004416153794279287,0.011939759487165524,0.006304423921791091,0.011413116104584065,0.004844982315304058,-0.017831223583655298,0.04404518909726085,0.107761877445262,0.03956816419094622,0.025203132705883036,0.007700104076518333,-0.02105692302779605
2018-05,657418.1668593991,250014.4783749289,448863.9578884586,637787.5884654446,922246.8708416433,2073833.816421413,0.0016317238190726169,-0.013831537375062597,0.011420944076501405,-0.0018754064165097395,0.0034097074213588208,0.026308406466373446,0.04463417936975045,0.08034666901382637,0.04565650850110381,0.028998015218371087,0.006409541014410491,0.013582486493230572
2018-06,653360.7856340685,240996.279747625,443203.888618207,643355.8504978822,926659.1276332765,2110052.393230318,-0.006171690150750364,-0.03607070552842129,-0.012609765544281282,0.00873059014182953,0.004784246963729588,0.017464551171898268,0.03141059805669877,0.034710736618420945,0.023816123054619887,0.028887432740823282,-0.0019631368701041874,0.028078920289347886
